Rk,Player,Age,Team,Pos,G,GS,MP,PER,TS%,3PAr,FTr,ORB%,DRB%,TRB%,AST%,STL%,BLK%,TOV%,USG%,OWS,DWS,WS,WS/48,OBPM,DBPM,BPM,VORP,Awards,Player-additional
1,Tyrese Maxey,25,PHI,PG,61,61,2334,22.7,.589,.406,.279,0.8,11.2,5.9,29.8,2.6,2.0,9.0,29.9,5.7,2.4,8.1,.167,5.3,0.5,5.8,4.6,AS,maxeyty01
2,Amen Thompson,23,HOU,PG,61,61,2261,18.3,.578,.122,.362,8.7,14.2,11.5,20.6,2.1,1.5,14.0,20.1,4.3,2.9,7.2,.153,1.2,1.0,2.1,2.3,,thompam01
3,Kevin Durant,37,HOU,SF,60,60,2199,20.8,.632,.322,.343,1.7,14.6,8.3,19.6,1.1,2.3,13.5,27.4,5.6,2.4,8.0,.174,4.0,0.0,4.0,3.3,AS,duranke01
4,Mikal Bridges,29,NYK,SF,65,65,2197,16.1,.592,.428,.101,3.4,9.9,6.6,16.6,2.1,2.5,7.6,17.6,4.2,2.8,7.0,.153,1.8,1.6,3.4,3.0,,bridgmi01
5,Toumani Camara,25,POR,PF,65,65,2183,10.6,.561,.660,.164,5.2,12.3,8.7,10.6,1.5,1.1,14.0,16.1,1.2,1.6,2.8,.061,-1.4,-0.4,-1.8,0.1,,camarto01
6,Desmond Bane,27,ORL,SG,63,63,2151,17.0,.606,.350,.267,4.0,9.6,6.8,19.4,1.4,1.2,10.9,23.4,3.8,2.0,5.9,.131,1.7,-0.3,1.3,1.8,,banede01
7,Julius Randle,31,MIN,PF,64,64,2133,19.1,.588,.297,.402,5.7,17.1,11.5,23.8,1.5,0.7,12.7,26.3,4.2,2.5,6.7,.151,1.8,-0.1,1.7,2.0,,randlju01
8,Derrick White,31,BOS,SG,62,62,2123,17.0,.526,.575,.180,3.5,10.6,7.1,23.6,1.7,4.3,9.7,22.9,3.2,2.8,6.0,.135,2.8,1.0,3.8,3.1,,whitede01
9,Scottie Barnes,24,TOR,PF,61,61,2089,19.1,.576,.203,.265,6.6,19.6,13.0,24.0,1.9,4.5,13.9,23.8,2.5,3.5,5.9,.136,1.5,2.1,3.7,3.0,AS,barnesc01
10,Jalen Brunson,29,NYK,PG,60,60,2088,20.0,.581,.373,.286,1.5,9.5,5.4,30.2,1.0,0.3,9.3,30.3,5.3,1.8,7.1,.163,4.1,-1.1,3.0,2.6,AS,brunsja01
11,Brandon Ingram,28,TOR,SF,61,61,2071,16.4,.565,.276,.268,2.6,16.5,9.5,17.7,1.1,2.2,11.3,27.3,1.0,2.5,3.5,.081,0.9,-0.5,0.4,1.3,AS,ingrabr01
12,Jamal Murray,28,DEN,PG,59,59,2061,22.4,.619,.409,.285,1.3,12.2,7.0,33.0,1.3,1.0,10.3,28.6,6.1,1.2,7.3,.171,5.8,-1.5,4.3,3.3,AS,murraja01
13,Jabari Smith Jr.,22,HOU,PF,59,59,2058,13.8,.571,.490,.219,4.9,16.7,10.9,7.2,1.1,2.5,9.0,17.7,2.8,2.5,5.2,.122,-0.4,-0.1,-0.5,0.8,,smithja05
14,Payton Pritchard,28,BOS,PG,63,48,2047,17.4,.578,.516,.131,3.0,10.7,6.9,24.2,1.2,0.3,8.3,21.2,5.0,1.9,6.9,.163,2.5,-0.4,2.1,2.1,,pritcpa01
15,Kon Knueppel,20,CHO,SF,64,63,2039,17.9,.650,.593,.214,4.4,14.3,9.4,16.9,1.1,0.7,12.5,22.4,4.8,1.7,6.5,.154,3.7,-0.5,3.2,2.7,,knuepko01
16,Dyson Daniels,22,ATL,SG,61,61,2032,14.7,.527,.143,.156,7.1,14.3,10.7,24.6,2.7,1.2,14.4,15.9,1.9,2.5,4.5,.105,-1.1,1.4,0.3,1.2,,daniedy01
17,DeMar DeRozan,36,SAC,PF,64,64,2028,17.4,.588,.156,.437,1.5,9.4,5.3,18.7,1.7,0.8,6.6,22.1,4.3,0.4,4.6,.110,0.7,-0.9,-0.2,0.9,,derozde01
18,Nickeil Alexander-Walker,27,ATL,SG,61,54,2021,15.0,.583,.527,.247,2.0,9.5,5.7,16.4,1.7,1.5,11.1,24.1,1.6,1.8,3.4,.081,0.5,-0.9,-0.4,0.8,,alexani01
19,Trey Murphy III,25,NOP,SF,57,57,2019,18.9,.615,.527,.234,3.1,14.2,8.6,16.5,2.1,0.9,9.1,23.1,4.3,1.2,5.5,.131,3.4,-0.8,2.6,2.3,,murphtr02
20,Jalen Johnson,24,ATL,SF,57,57,2005,21.1,.584,.262,.332,4.5,27.8,16.0,34.3,1.8,1.2,14.8,27.3,3.1,2.9,6.0,.143,2.9,1.3,4.2,3.1,AS,johnsja05
21,VJ Edgecombe,20,PHI,SG,57,57,2003,13.1,.535,.433,.180,4.9,12.6,8.7,16.1,2.0,1.4,11.4,19.4,1.1,1.8,3.0,.071,-0.8,-0.1,-0.9,0.5,,edgecvj01
22,Donte DiVincenzo,29,MIN,SG,64,64,1988,13.7,.585,.768,.137,3.4,12.0,7.7,18.2,2.2,1.1,11.9,16.7,2.7,2.4,5.1,.123,0.6,0.9,1.5,1.8,,divindo01
23,Jaden McDaniels,25,MIN,PF,62,62,1986,14.3,.620,.310,.236,3.8,11.1,7.5,12.5,1.6,2.8,13.2,18.2,2.6,2.3,4.9,.118,-0.6,0.5,-0.1,1.0,,mcdanja02
24,Cade Cunningham,24,DET,PG,56,56,1969,21.6,.561,.305,.330,2.8,15.0,8.9,44.1,2.0,2.6,14.4,30.9,3.8,3.2,7.0,.170,4.7,1.3,6.0,4.0,AS,cunnica01
25,Ryan Rollins,23,MIL,PG,61,55,1960,15.6,.569,.432,.141,2.7,13.6,8.2,26.0,2.3,1.3,15.1,23.8,1.0,1.7,2.7,.065,0.2,-0.3,-0.2,0.9,,rolliry01
26,Jaylen Brown,29,BOS,SF,57,57,1955,22.4,.571,.266,.322,3.7,19.1,11.5,26.1,1.5,1.2,12.5,36.3,2.9,2.7,5.6,.137,3.7,-0.2,3.5,2.7,AS,brownja02
27,Immanuel Quickley,26,TOR,PG,60,60,1950,17.0,.584,.526,.236,1.8,12.7,7.2,27.5,1.8,0.2,9.7,21.6,3.6,2.2,5.8,.143,2.1,0.3,2.4,2.2,,quickim01
28,Rudy Gobert,33,MIN,C,61,61,1924,17.8,.677,.010,.656,13.7,26.0,19.9,7.4,1.2,4.6,14.2,12.6,4.1,3.2,7.3,.182,0.1,0.9,1.0,1.5,,goberru01
29,Anthony Edwards,24,MIN,SG,54,54,1920,22.6,.621,.416,.343,2.0,13.7,8.0,17.1,1.9,2.1,10.4,31.5,4.0,2.4,6.4,.161,5.2,0.0,5.2,3.5,AS,edwaran01
30,Miles Bridges,27,CHO,PF,60,60,1904,15.7,.558,.446,.246,3.6,17.2,10.5,16.3,0.9,1.4,8.5,22.7,2.9,1.7,4.7,.118,1.1,-0.5,0.6,1.3,,bridgmi02
31,Karl-Anthony Towns,30,NYK,C,61,61,1903,21.0,.607,.309,.413,10.8,31.6,21.1,13.3,1.4,1.9,13.3,25.6,4.1,3.3,7.4,.186,2.1,0.5,2.5,2.2,AS,townska01
32,James Harden,36,2TM,PG,54,54,1894,21.2,.601,.504,.477,2.2,13.4,8.0,36.6,1.7,1.0,15.2,29.8,4.4,1.5,5.9,.150,4.7,-0.9,3.8,2.8,,hardeja01
32,James Harden,36,LAC,PG,44,44,1559,21.9,.598,.505,.485,2.1,13.4,7.9,37.2,1.8,1.0,14.8,31.3,3.6,1.3,4.9,.151,4.8,-1.0,3.8,2.3,,hardeja01
32,James Harden,36,CLE,PG,10,10,335,17.9,.623,.504,.426,2.9,13.4,8.2,33.7,0.9,1.4,17.7,23.3,0.8,0.3,1.0,.149,4.3,-0.4,3.9,0.5,,hardeja01
33,Alperen Şengün,23,HOU,C,56,56,1884,21.0,.556,.114,.349,10.2,19.3,14.8,28.7,1.9,2.9,15.4,27.2,2.9,2.8,5.8,.147,2.4,1.3,3.7,2.7,AS,sengual01
34,Donovan Mitchell,29,CLE,SG,56,56,1874,23.4,.614,.458,.303,2.4,12.5,7.4,29.1,2.2,0.8,11.5,32.9,4.7,2.1,6.7,.173,5.6,0.0,5.6,3.6,AS,mitchdo01
35,Royce O'Neale,32,PHO,SF,64,59,1871,11.1,.577,.815,.056,2.9,16.2,9.3,13.1,1.9,1.2,14.5,14.4,1.2,2.3,3.4,.088,-0.8,0.9,0.1,1.0,,onealro01
36,Luka Dončić,26,LAL,PG,52,52,1846,27.5,.614,.473,.467,2.3,22.8,12.9,41.1,2.0,1.4,13.2,37.5,5.4,2.1,7.5,.195,7.6,1.0,8.6,5.0,AS,doncilu01
37,Pascal Siakam,31,IND,PF,55,55,1844,18.9,.563,.260,.336,4.6,17.4,10.8,20.4,1.6,1.1,9.3,29.6,1.4,1.4,2.8,.072,2.2,-0.9,1.3,1.5,AS,siakapa01
38,Paolo Banchero,23,ORL,PF,53,53,1843,18.1,.568,.237,.483,3.7,23.8,13.6,22.6,0.9,1.6,13.1,27.5,1.6,2.3,3.9,.103,1.5,0.1,1.6,1.7,,banchpa01
39,Anthony Black,22,ORL,PG,60,40,1841,13.9,.552,.385,.292,2.6,11.4,7.0,18.7,2.3,2.0,13.1,22.0,0.5,2.3,2.8,.073,-1.1,0.6,-0.5,0.7,,blackan01
40,Saddiq Bey,26,NOP,SF,59,51,1823,17.6,.584,.431,.329,5.8,14.5,10.1,11.9,1.4,0.2,5.7,21.4,4.0,0.8,4.7,.124,2.5,-1.9,0.6,1.2,,beysa01
41,Collin Gillespie,26,PHO,PG,63,44,1819,16.4,.595,.672,.111,4.0,11.9,7.8,24.2,2.2,0.7,12.7,19.2,3.4,2.0,5.4,.142,2.7,0.6,3.3,2.4,,gilleco01
42,Onyeka Okongwu,25,ATL,C,58,47,1819,16.4,.599,.440,.220,6.4,20.6,13.4,14.7,1.7,2.9,12.2,20.3,2.1,2.4,4.5,.119,0.1,0.6,0.7,1.2,,okongon01
43,Naji Marshall,28,DAL,SF,61,34,1800,15.8,.608,.261,.380,3.2,13.6,8.5,15.4,1.7,0.3,10.5,19.7,2.6,1.7,4.3,.115,-0.4,0.4,-0.1,0.9,,marshna01
44,Bam Adebayo,28,MIA,C,57,57,1795,18.0,.547,.330,.317,6.8,25.1,15.9,13.4,1.6,1.9,8.9,24.4,1.7,3.0,4.7,.126,1.3,0.7,2.0,1.8,,adebaba01
45,Matas Buzelis,21,CHI,PF,63,63,1793,14.8,.593,.499,.260,3.8,16.6,10.3,11.0,1.1,4.5,13.4,22.2,0.6,1.7,2.3,.061,-0.7,-0.3,-1.0,0.5,,buzelma01
46,Julian Champagnie,24,SAS,SF,64,50,1780,13.5,.619,.764,.223,3.5,18.6,11.3,7.3,1.4,1.4,8.7,15.3,2.4,2.6,5.1,.136,0.9,0.8,1.7,1.7,,champju02
47,Shai Gilgeous-Alexander,27,OKC,PG,53,53,1770,31.2,.665,.226,.472,1.7,12.1,7.1,34.5,2.0,2.3,8.3,33.6,8.9,3.2,12.1,.329,8.9,2.8,11.7,6.1,AS,gilgesh01
48,Andrew Wiggins,30,MIA,SF,57,57,1765,15.3,.579,.393,.190,5.8,11.0,8.4,12.6,1.7,3.0,10.4,20.0,1.8,2.3,4.1,.112,0.9,0.7,1.5,1.6,,wiggian01
49,Wendell Carter Jr.,26,ORL,C,60,60,1764,14.1,.607,.372,.342,7.9,20.6,14.2,10.0,1.3,2.0,11.5,15.5,2.6,2.3,4.9,.133,-1.0,0.6,-0.4,0.7,,cartewe01
50,CJ McCollum,34,2TM,PG,59,43,1764,15.7,.567,.446,.219,2.6,9.6,6.0,19.0,1.2,1.2,9.7,25.5,1.5,0.5,2.0,.055,1.3,-2.2,-0.9,0.5,,mccolcj01
50,CJ McCollum,34,WAS,SG,35,35,1082,15.4,.573,.461,.193,2.2,10.0,6.1,18.2,1.1,0.7,9.2,24.4,1.2,-0.1,1.1,.049,1.2,-2.8,-1.5,0.1,,mccolcj01
50,CJ McCollum,34,ATL,PG,24,8,682,16.2,.558,.425,.257,3.3,8.8,6.0,20.1,1.4,1.8,10.3,27.2,0.4,0.6,0.9,.065,1.3,-1.2,0.1,0.4,,mccolcj01
51,Cooper Flagg,19,DAL,SF,52,52,1755,17.2,.549,.215,.279,3.6,16.6,10.3,19.8,1.7,2.2,10.9,25.7,0.8,2.1,2.9,.079,0.5,0.6,1.2,1.4,,flaggco01
52,A.J. Green,26,MIL,SG,59,58,1752,8.6,.610,.900,.089,1.0,8.3,4.7,8.7,0.8,0.3,9.4,13.4,1.3,0.4,1.7,.046,-2.1,-1.6,-3.7,-0.8,,greenaj01
53,Brandin Podziemski,22,GSW,SG,63,24,1750,14.3,.564,.467,.230,3.7,16.9,10.2,19.5,1.9,0.6,11.9,19.4,1.7,2.0,3.7,.101,-0.3,0.2,0.0,0.9,,podzibr01
54,Max Christie,22,DAL,SG,59,50,1750,11.5,.602,.591,.184,0.9,11.3,6.2,10.2,0.8,0.9,10.4,16.9,1.3,1.2,2.5,.069,-0.6,-0.5,-1.1,0.4,,chrisma02
55,Keyonte George,22,UTA,PG,52,52,1742,18.9,.610,.414,.438,1.4,11.1,6.2,29.0,1.5,0.8,13.8,28.1,3.3,0.1,3.4,.095,3.1,-2.1,1.0,1.3,,georgke01
56,Nikola Vučević,35,2TM,C,60,49,1740,18.2,.577,.331,.118,7.5,24.1,15.9,17.9,1.0,2.1,9.0,21.6,2.6,1.8,4.4,.122,1.6,0.0,1.6,1.6,,vucevni01
56,Nikola Vučević,35,CHI,C,48,48,1480,18.3,.585,.330,.112,7.3,23.5,15.5,18.9,1.0,1.8,9.1,21.7,2.3,1.4,3.7,.119,1.9,-0.1,1.8,1.4,,vucevni01
56,Nikola Vučević,35,BOS,C,12,1,260,17.1,.532,.336,.155,8.5,27.3,18.0,12.3,1.0,3.5,8.6,21.4,0.3,0.4,0.8,.140,-0.4,0.9,0.5,0.2,,vucevni01
57,Russell Westbrook,37,SAC,SF,60,54,1739,15.1,.532,.449,.209,4.8,16.4,10.4,33.9,2.2,0.5,18.7,26.1,-0.6,0.8,0.2,.007,0.6,-1.2,-0.5,0.6,,westbru01
58,Kris Dunn,31,LAC,PG,63,57,1737,11.6,.598,.441,.192,3.3,10.3,6.9,18.5,2.7,0.4,18.1,12.9,1.6,1.6,3.1,.087,-2.1,1.1,-0.9,0.5,,dunnkr01
59,Bub Carrington,20,WAS,PG,63,32,1731,9.2,.532,.589,.149,1.8,12.4,7.0,22.4,1.2,0.7,19.8,17.5,-0.6,0.1,-0.5,-0.015,-2.7,-2.2,-4.9,-1.3,,carrica01
60,De'Aaron Fox,28,SAS,PG,55,55,1727,17.8,.581,.382,.240,1.8,10.7,6.4,30.0,1.9,0.7,12.5,24.9,2.7,2.3,5.0,.138,1.8,0.5,2.3,1.9,AS,foxde01
61,Jaime Jaquez Jr.,24,MIA,SF,60,1,1720,15.4,.563,.171,.264,4.6,14.1,9.4,23.2,1.3,0.9,13.7,22.3,1.5,2.0,3.4,.096,-0.1,0.3,0.2,1.0,,jaqueja01
62,Tim Hardaway Jr.,33,DEN,SG,63,5,1719,13.8,.628,.691,.260,0.8,9.7,5.4,6.7,0.9,0.5,4.6,18.3,3.0,0.6,3.6,.101,1.3,-2.0,-0.7,0.5,,hardati02
63,Duncan Robinson,31,DET,SF,61,61,1705,11.6,.604,.788,.163,1.6,8.7,5.2,9.3,1.0,1.2,6.5,15.6,2.6,1.8,4.5,.126,0.3,-0.1,0.1,0.9,,robindu01
64,Cason Wallace,22,OKC,SG,62,52,1702,12.0,.533,.495,.114,3.5,8.7,6.2,13.0,3.7,1.0,11.2,14.8,0.7,3.5,4.2,.117,-2.2,3.1,0.9,1.3,,wallaca01
65,OG Anunoby,28,NYK,PF,51,51,1690,15.4,.602,.479,.269,4.5,13.2,8.8,9.4,2.6,2.3,12.3,19.9,1.9,2.5,4.4,.126,0.5,1.3,1.8,1.6,,anunoog01
66,Quentin Grimes,25,PHI,SG,57,10,1685,12.7,.595,.564,.318,2.3,11.4,6.7,16.4,1.5,1.2,14.9,18.0,1.5,1.2,2.7,.078,-0.8,-0.6,-1.4,0.3,,grimequ01
67,Jeremiah Fears,19,NOP,PG,66,44,1678,12.6,.514,.288,.229,2.9,13.1,8.0,19.1,2.2,1.4,15.1,24.8,-1.2,1.1,-0.1,-0.004,-2.2,-1.4,-3.7,-0.7,,fearsje01
68,Michael Porter Jr.,27,BRK,SF,51,51,1666,20.1,.595,.507,.236,4.5,21.8,12.7,18.1,1.6,0.7,10.2,30.3,2.0,1.2,3.2,.092,4.4,-1.2,3.1,2.1,,portemi01
69,Nikola Jokić,30,DEN,C,48,48,1659,33.6,.680,.271,.449,10.5,29.6,20.5,50.9,1.9,2.1,15.1,31.5,9.0,2.3,11.3,.328,10.7,3.9,14.6,6.9,AS,jokicni01
70,Nic Claxton,26,BRK,C,57,56,1658,18.2,.597,.032,.411,9.5,19.5,14.2,22.3,1.3,3.8,12.0,17.6,3.2,1.3,4.5,.131,0.7,0.7,1.4,1.4,,claxtni01
71,Derik Queen,21,NOP,C,65,45,1649,16.1,.552,.107,.355,7.1,23.2,15.0,22.3,1.8,3.4,17.8,21.5,0.7,1.7,2.4,.069,-1.2,0.6,-0.7,0.5,,queende01
72,Naz Reid,26,MIN,C,63,2,1646,16.3,.582,.540,.137,5.0,21.5,13.4,13.3,1.8,3.2,11.9,21.8,1.4,2.6,4.0,.116,0.7,1.0,1.7,1.5,,reidna01
73,Chet Holmgren,23,OKC,PF,56,56,1643,21.3,.646,.312,.359,7.3,25.3,16.7,9.0,0.9,6.5,10.7,22.1,3.5,3.8,7.3,.212,2.2,1.6,3.9,2.4,AS,holmgch01
74,Donovan Clingan,21,POR,C,60,60,1636,20.4,.605,.364,.304,17.8,28.0,22.8,11.5,0.9,4.9,10.9,16.3,4.1,2.2,6.3,.184,2.5,0.0,2.5,1.8,,clingdo01
75,Jake LaRavia,24,LAL,PF,64,33,1634,12.4,.576,.478,.286,6.6,11.1,8.9,9.7,2.3,1.6,12.0,15.1,1.6,1.5,3.1,.090,-1.3,0.1,-1.2,0.3,,laravja01
76,Jaylon Tyson,23,CLE,SG,59,39,1633,15.1,.620,.451,.162,7.4,13.5,10.5,11.2,1.4,1.4,12.1,18.7,2.5,1.6,4.0,.119,0.9,-0.5,0.4,1.0,,tysonja01
77,Deni Avdija,25,POR,SF,49,49,1633,20.6,.603,.383,.565,3.5,19.5,11.3,32.0,1.1,1.7,15.8,29.1,3.6,1.5,5.1,.149,4.1,0.3,4.4,2.6,AS,avdijde01
78,Reed Sheppard,21,HOU,SG,63,10,1628,15.8,.565,.586,.104,1.5,10.1,5.9,18.4,2.8,2.3,11.0,21.9,2.3,2.2,4.5,.132,1.3,1.3,2.6,1.9,,sheppre01
79,Jaylen Wells,22,MEM,SG,61,61,1627,11.3,.556,.515,.247,3.6,9.7,6.6,9.0,1.5,0.5,9.1,19.4,0.8,1.0,1.8,.053,-1.9,-1.2,-3.1,-0.5,,wellsja01
80,Myles Turner,29,MIL,C,59,59,1623,14.3,.582,.588,.270,4.7,17.1,11.0,7.7,1.2,5.8,9.9,18.6,1.1,1.6,2.8,.082,-0.6,0.0,-0.6,0.6,,turnemy01
81,Bruce Brown,29,DEN,SG,64,2,1613,10.4,.546,.265,.230,5.5,12.1,9.0,11.4,2.2,0.9,13.9,14.0,0.8,1.3,2.1,.063,-2.8,0.1,-2.7,-0.3,,brownbr01
82,Harrison Barnes,33,SAS,PF,60,49,1611,11.4,.593,.626,.206,3.4,7.9,5.7,10.1,1.2,0.6,9.4,14.8,1.9,1.7,3.6,.106,-0.3,0.0,-0.3,0.7,,barneha02
83,Noah Clowney,21,BRK,PF,57,51,1611,11.5,.562,.634,.361,3.4,14.3,8.6,9.5,1.3,2.3,12.1,20.1,0.4,0.9,1.3,.038,-1.8,-1.3,-3.0,-0.4,,clownno01
84,Stephon Castle,21,SAS,PG,54,53,1602,16.7,.564,.287,.471,4.5,12.8,8.8,33.3,2.1,1.0,17.9,25.1,1.6,2.3,4.0,.119,0.2,0.9,1.1,1.3,,castlst01
85,Devin Booker,29,PHO,SG,48,48,1601,19.7,.578,.316,.435,2.6,10.6,6.5,30.3,1.3,0.8,13.2,31.5,3.1,1.3,4.4,.133,2.6,-1.0,1.7,1.5,AS,bookede01
86,Evan Mobley,24,CLE,PF,49,47,1597,18.9,.582,.283,.343,7.5,21.6,14.5,16.7,1.3,5.3,11.5,22.1,2.3,2.3,4.6,.139,1.5,1.5,2.9,2.0,,mobleev01
87,Kawhi Leonard,34,LAC,SF,49,49,1587,27.8,.623,.352,.338,3.8,18.7,11.5,21.5,3.1,1.4,8.6,33.6,4.8,2.1,6.9,.210,7.2,0.9,8.2,4.1,AS,leonaka01
88,Josh Hart,30,NYK,SF,53,39,1585,15.7,.589,.412,.207,5.0,22.6,13.8,23.3,1.9,1.1,16.2,17.0,2.3,2.4,4.7,.143,0.9,2.1,3.0,2.0,,hartjo01
89,Andrew Nembhard,26,IND,PG,50,50,1572,15.4,.559,.392,.297,1.5,8.5,4.9,36.3,1.4,0.4,14.2,23.9,1.5,0.6,2.2,.066,0.9,-2.2,-1.3,0.3,,nembhan01
90,Jarace Walker,22,IND,PF,63,28,1568,11.2,.535,.486,.255,2.8,19.4,10.8,13.7,1.6,1.2,14.7,20.8,-1.0,1.3,0.3,.009,-2.1,-0.7,-2.9,-0.3,,walkeja02
91,Devin Vassell,25,SAS,SG,51,49,1559,13.0,.570,.565,.164,2.0,11.6,6.9,11.0,1.3,1.2,7.2,18.5,1.6,1.9,3.5,.107,0.2,0.1,0.2,0.9,,vassede01
92,Kyle Kuzma,30,MIL,PF,58,33,1537,14.1,.577,.325,.284,3.8,16.1,10.0,14.7,1.1,1.4,12.1,21.5,1.0,1.0,1.9,.060,-1.1,-1.3,-2.4,-0.1,,kuzmaky01
93,Ace Bailey,19,UTA,SF,57,46,1534,11.0,.527,.424,.097,6.4,9.9,8.1,9.2,1.5,1.9,10.3,20.1,-0.2,0.2,0.0,.000,-2.1,-2.5,-4.6,-1.0,,baileac01
94,Davion Mitchell,27,MIA,PG,54,54,1532,12.0,.570,.399,.135,1.3,7.9,4.6,30.4,1.7,0.5,16.6,13.2,2.0,1.6,3.6,.112,-1.5,0.8,-0.7,0.5,,mitchda01
95,Marcus Smart,31,LAL,SG,54,47,1530,9.8,.544,.604,.271,2.6,9.0,5.9,13.3,2.3,1.3,15.1,15.7,0.3,1.3,1.5,.048,-2.9,0.2,-2.6,-0.2,,smartma01
96,Dillon Brooks,30,PHO,SF,50,50,1530,14.8,.547,.392,.216,2.7,10.7,6.6,9.7,1.7,0.5,8.5,28.9,0.8,1.4,2.2,.069,-0.7,-1.4,-2.0,0.0,,brookdi01
97,LaMelo Ball,24,CHO,PG,55,52,1526,18.8,.532,.570,.140,3.3,16.0,9.8,43.4,2.0,0.7,13.4,31.8,2.2,1.7,3.9,.124,3.9,-0.6,3.4,2.1,,ballla01
98,Rui Hachimura,27,LAL,PF,52,33,1517,11.3,.615,.460,.116,2.5,10.8,6.8,4.4,0.9,1.0,6.8,15.1,1.5,0.8,2.3,.073,-0.7,-1.6,-2.3,-0.1,,hachiru01
99,Luguentz Dort,26,OKC,SF,54,54,1516,8.2,.523,.702,.112,3.4,11.1,7.4,6.1,1.5,1.4,9.1,14.1,0.0,2.4,2.4,.077,-2.8,0.6,-2.2,-0.1,,dortlu01
100,Sion James,23,CHO,SG,65,19,1506,8.0,.541,.615,.295,3.0,13.5,8.4,10.8,1.2,1.2,14.5,10.7,0.9,1.3,2.2,.070,-3.0,0.6,-2.4,-0.2,,jamessi01
101,Moses Moody,23,GSW,SG,59,48,1506,13.5,.603,.682,.203,3.6,10.8,7.2,9.1,1.8,1.9,8.6,18.0,1.7,1.5,3.2,.102,0.2,-0.3,-0.1,0.7,,moodymo01
102,Peyton Watson,23,DEN,SF,49,39,1502,14.5,.600,.338,.331,3.5,14.1,9.0,9.1,1.6,3.6,12.4,20.2,1.0,1.4,2.4,.078,-0.6,-0.5,-1.1,0.4,,watsope01
103,Neemias Queta,26,BOS,C,60,59,1498,19.8,.657,.015,.354,13.2,23.4,18.4,8.2,1.7,5.2,12.5,15.0,3.7,2.8,6.5,.209,0.3,1.8,2.0,1.5,,quetane01
104,John Collins,28,LAC,PF,54,45,1498,16.2,.653,.337,.215,6.3,15.2,10.9,5.5,1.5,2.7,11.5,19.1,2.3,1.4,3.7,.118,0.2,-0.4,-0.2,0.7,,collijo01
105,Keldon Johnson,26,SAS,SF,64,0,1493,17.7,.632,.339,.258,7.8,17.3,12.7,8.4,1.3,0.5,8.2,20.2,3.2,2.0,5.2,.169,1.5,-0.1,1.4,1.3,,johnske04
106,Sam Hauser,28,BOS,PF,61,33,1493,12.2,.585,.849,.029,3.3,13.8,8.6,8.0,1.1,1.3,6.0,15.0,2.2,1.6,3.8,.122,0.6,-0.1,0.6,1.0,,hausesa01
107,Deandre Ayton,27,LAL,C,55,55,1493,18.0,.674,.000,.202,10.7,24.4,17.7,4.7,1.1,3.2,12.1,16.9,2.8,1.6,4.4,.142,-0.2,-0.8,-1.0,0.4,,aytonde01
108,Isaac Okoro,25,CHI,SG,55,55,1480,9.4,.565,.480,.247,4.5,6.3,5.4,7.8,1.2,1.4,8.5,13.7,1.1,0.6,1.7,.056,-3.2,-1.0,-4.2,-0.8,,okorois01
109,Jalen Duren,22,DET,C,53,53,1479,25.1,.662,.000,.488,15.4,26.7,21.1,9.9,1.5,3.0,11.2,23.2,4.8,2.8,7.6,.247,3.8,0.3,4.1,2.3,AS,durenja01
110,Ayo Dosunmu,26,2TM,SG,56,10,1471,16.3,.627,.388,.201,2.7,8.7,5.7,19.6,1.4,0.8,9.9,20.2,2.8,0.9,3.7,.119,1.1,-0.7,0.4,0.9,,dosunay01
110,Ayo Dosunmu,26,CHI,SG,45,10,1187,17.2,.636,.397,.216,3.0,9.1,6.1,20.9,1.4,0.9,10.3,21.1,2.4,0.6,3.0,.123,1.7,-0.9,0.8,0.8,,dosunay01
110,Ayo Dosunmu,26,MIN,SG,11,0,284,12.5,.582,.340,.124,1.2,6.8,4.1,14.2,1.8,0.6,8.1,16.5,0.4,0.3,0.6,.104,-1.3,0.3,-1.0,0.1,,dosunay01
111,Norman Powell,32,MIA,SG,49,49,1470,18.2,.614,.459,.358,1.2,11.1,6.2,13.0,1.9,0.7,10.0,27.5,2.2,1.7,3.9,.128,2.3,0.1,2.4,1.6,AS,powelno01
112,Bobby Portis,30,MIL,PF,61,9,1464,17.0,.595,.397,.088,6.2,23.1,14.8,10.2,1.1,0.8,8.3,22.5,1.6,1.2,2.8,.091,1.5,-1.5,0.0,0.7,,portibo01
113,Moussa Diabaté,24,CHO,C,57,31,1461,17.8,.662,.007,.514,16.5,21.6,19.1,9.6,1.4,3.7,13.0,11.8,3.9,1.9,5.8,.191,0.6,0.8,1.4,1.3,,diabamo01
114,Ausar Thompson,23,DET,SF,57,56,1460,16.5,.545,.048,.348,9.1,16.0,12.6,15.8,3.6,3.3,13.3,17.4,1.3,3.1,4.4,.145,-0.5,3.3,2.8,1.8,,thompau01
115,Victor Wembanyama,22,SAS,C,50,41,1456,28.2,.621,.319,.442,7.3,33.0,20.5,16.1,1.6,9.1,11.5,31.5,3.4,3.8,7.2,.236,5.4,3.8,9.2,4.1,AS,wembavi01
116,LeBron James,41,LAL,SF,44,44,1456,20.5,.587,.286,.329,2.7,16.9,10.0,33.8,1.6,1.8,14.3,28.1,2.3,1.3,3.6,.118,3.3,-0.2,3.1,1.9,AS,jamesle01
117,Jerami Grant,31,POR,PF,49,30,1454,15.8,.601,.462,.464,3.3,9.5,6.4,11.7,1.1,1.9,11.5,24.2,2.4,0.9,3.3,.109,1.1,-1.3,-0.1,0.7,,grantje01
118,Jaren Jackson Jr.,26,2TM,C,48,48,1454,15.8,.576,.327,.282,3.1,17.1,10.1,10.3,1.7,4.4,11.7,26.1,0.2,1.7,1.9,.064,-1.0,0.6,-0.5,0.6,,jacksja02
118,Jaren Jackson Jr.,26,MEM,C,45,45,1382,15.4,.574,.328,.279,3.2,17.0,10.1,9.8,1.6,4.6,11.7,25.6,0.2,1.6,1.8,.063,-1.2,0.5,-0.7,0.4,,jacksja02
118,Jaren Jackson Jr.,26,UTA,C,3,3,72,23.5,.598,.306,.327,1.5,18.5,9.8,20.8,3.9,1.4,11.1,36.2,0.1,0.1,0.1,.086,2.4,2.0,4.4,0.1,,jacksja02
119,Zion Williamson,25,NOP,PF,49,42,1447,23.3,.632,.006,.554,8.2,13.4,10.8,19.1,1.7,1.8,11.0,26.9,4.0,0.8,4.8,.159,3.8,-0.8,3.0,1.8,,willizi01
120,Lauri Markkanen,28,UTA,PF,42,42,1443,21.4,.608,.402,.333,6.2,15.8,10.9,10.3,1.4,1.4,6.4,28.2,3.4,0.3,3.7,.124,4.7,-2.1,2.5,1.6,,markkla01
121,Brandon Miller,23,CHO,SF,48,48,1439,17.0,.570,.497,.222,4.3,14.4,9.5,18.5,1.8,2.5,13.6,29.5,1.1,1.6,2.7,.091,1.6,-0.3,1.3,1.2,,millebr02
122,Shaedon Sharpe,22,POR,SG,48,42,1439,15.6,.550,.351,.229,3.5,12.5,7.9,15.1,2.2,0.4,13.4,30.3,-0.2,1.3,1.1,.036,-0.1,-1.1,-1.3,0.3,,sharpsh01
123,Kyle Filipowski,22,UTA,C,63,27,1433,15.2,.588,.335,.345,8.9,24.3,16.5,14.0,1.9,2.1,15.2,18.8,1.4,1.0,2.3,.079,-1.2,-0.6,-1.7,0.1,,filipky01
124,Cam Spencer,25,MEM,SG,60,15,1430,17.4,.652,.592,.243,2.4,9.8,6.1,32.4,1.4,0.5,13.3,17.5,4.0,0.8,4.8,.162,3.1,-0.6,2.5,1.6,,spencca01
125,P.J. Washington,27,DAL,PF,46,43,1421,12.7,.529,.345,.293,4.7,18.5,11.8,9.0,1.5,3.2,12.4,20.5,-0.6,1.8,1.2,.040,-2.0,0.5,-1.5,0.2,,washipj01
126,Maxime Raynaud,22,SAC,C,57,39,1415,15.3,.602,.098,.219,8.8,23.9,16.1,7.2,1.0,1.8,10.7,17.3,1.7,0.7,2.4,.082,-1.4,-1.6,-3.0,-0.4,,raynama01
127,Isaiah Collier,21,UTA,PG,55,16,1415,15.0,.577,.196,.418,1.5,9.2,5.3,40.2,2.0,1.3,20.3,19.9,1.6,0.3,1.8,.062,-0.5,-1.9,-2.5,-0.2,,colliis01
128,Jarrett Allen,27,CLE,C,51,51,1405,21.8,.670,.021,.476,10.3,23.4,16.8,10.2,1.7,2.9,10.6,19.4,3.9,2.1,6.0,.205,2.1,0.6,2.7,1.7,,allenja01
129,Draymond Green,35,GSW,PF,52,52,1402,10.0,.534,.618,.156,3.1,19.8,11.3,26.2,1.5,2.0,25.1,16.8,-0.6,1.7,1.2,.040,-2.7,1.1,-1.6,0.1,,greendr01
130,Nique Clifford,23,SAC,SG,61,15,1396,8.5,.492,.401,.156,4.2,12.9,8.4,11.5,1.9,1.3,15.3,16.3,-1.1,0.5,-0.6,-0.019,-4.1,-1.0,-5.1,-1.1,,cliffni01
131,Kyshawn George,22,WAS,SF,48,48,1391,14.0,.559,.451,.227,3.2,15.6,9.3,22.7,1.6,2.7,16.5,22.8,0.2,0.6,0.8,.028,-0.6,-0.7,-1.3,0.3,,georgky01
132,Jamal Shead,23,TOR,PG,63,7,1387,10.7,.492,.531,.224,1.8,8.4,5.0,30.5,2.1,0.6,16.8,16.2,0.4,1.5,2.0,.068,-2.3,0.1,-2.2,-0.1,,sheadja01
133,Kel'el Ware,21,MIA,C,61,29,1376,20.5,.618,.336,.154,14.1,28.2,21.2,3.4,1.8,4.4,8.5,18.1,2.6,2.8,5.4,.189,2.1,0.3,2.4,1.5,,wareke01
134,Anfernee Simons,26,2TM,SG,55,5,1372,14.6,.576,.585,.119,2.5,8.1,5.4,14.6,1.0,0.6,9.1,23.6,1.9,1.0,2.9,.102,1.3,-1.4,-0.2,0.7,,simonan01
134,Anfernee Simons,26,BOS,SG,49,0,1202,15.2,.579,.579,.127,2.4,8.2,5.4,14.4,1.1,0.5,8.4,23.6,2.0,1.0,3.0,.119,1.6,-1.1,0.5,0.8,,simonan01
134,Anfernee Simons,26,CHI,SG,6,5,170,10.3,.554,.625,.063,3.2,7.4,5.3,15.9,0.0,1.0,13.7,23.6,-0.1,0.0,-0.1,-0.014,-1.3,-3.8,-5.1,-0.1,,simonan01
135,Tristan Da Silva,24,ORL,SF,58,21,1371,11.7,.565,.536,.101,3.5,13.8,8.6,8.7,1.8,1.2,9.2,15.8,0.7,1.6,2.3,.081,-0.8,0.3,-0.5,0.5,,dasiltr01
136,Dennis Schröder,32,2TM,PG,53,16,1365,13.3,.526,.376,.318,1.9,10.7,6.2,28.0,1.7,0.6,14.7,22.1,0.5,0.5,0.9,.033,-0.6,-1.4,-2.0,0.0,,schrode01
136,Dennis Schröder,32,SAC,PG,40,14,1056,13.7,.531,.393,.315,2.2,10.9,6.4,28.8,1.5,0.5,14.1,22.5,0.5,0.1,0.6,.028,0.0,-1.9,-1.9,0.0,,schrode01
136,Dennis Schröder,32,CLE,PG,13,2,309,11.9,.511,.313,.330,0.7,10.0,5.3,25.4,2.3,0.9,16.9,20.9,0.0,0.3,0.3,.047,-2.4,0.1,-2.3,0.0,,schrode01
137,Terance Mann,29,BRK,SG,55,46,1363,10.8,.570,.413,.225,5.2,10.0,7.5,19.4,1.3,0.9,14.4,13.5,1.4,0.5,1.9,.066,-2.3,-0.7,-3.0,-0.3,,mannte01
138,Pelle Larsson,24,MIA,SG,54,41,1358,12.9,.592,.362,.364,3.5,10.2,6.9,17.7,1.2,0.9,12.2,16.1,1.9,1.4,3.2,.114,-1.1,0.4,-0.7,0.4,,larsspe01
139,Brice Sensabaugh,22,UTA,SF,61,10,1349,13.2,.569,.540,.235,3.5,11.3,7.3,10.9,1.5,0.4,10.0,23.2,0.7,0.1,0.8,.028,-0.6,-2.9,-3.5,-0.5,,sensabr01
140,Vít Krejčí,25,2TM,PG,61,8,1347,11.1,.610,.769,.123,2.2,9.2,5.6,9.4,1.6,1.2,8.0,14.6,1.5,1.1,2.5,.090,-1.6,-0.3,-1.9,0.0,,krejcvi01
140,Vít Krejčí,25,ATL,PG,46,8,1028,11.3,.639,.776,.117,2.0,8.3,5.1,8.7,1.7,1.1,8.5,14.3,1.2,0.8,2.0,.094,-1.4,-0.2,-1.6,0.1,,krejcvi01
140,Vít Krejčí,25,POR,PG,15,0,319,10.6,.528,.748,.140,3.0,12.1,7.4,11.4,1.3,1.4,6.6,15.4,0.3,0.2,0.5,.078,-2.2,-0.4,-2.7,-0.1,,krejcvi01
141,Sandro Mamukelashvili,26,TOR,C,61,11,1341,17.7,.628,.459,.233,7.3,17.6,12.4,12.3,1.6,2.5,8.5,18.5,2.7,1.9,4.6,.164,1.8,0.6,2.4,1.5,,mamuksa01
142,Oso Ighodaro,23,PHO,PF,64,10,1340,13.3,.630,.004,.300,8.1,17.3,12.6,13.4,2.2,2.9,21.1,12.1,1.3,1.9,3.2,.114,-2.6,2.3,-0.3,0.6,,ighodos01
143,Tobias Harris,33,DET,PF,47,47,1338,14.0,.560,.356,.247,3.5,16.6,10.1,10.6,1.6,1.1,8.1,18.7,1.6,2.0,3.6,.128,-0.1,0.6,0.5,0.8,,harrito02
144,Ivica Zubac,28,LAC,C,43,42,1328,19.0,.635,.000,.308,13.4,27.6,20.7,11.5,0.6,2.6,14.4,19.0,2.6,1.4,4.1,.147,0.9,-0.8,0.1,0.7,,zubaciv01
145,Jay Huff,27,IND,C,64,40,1325,15.6,.597,.627,.177,4.8,16.0,10.2,9.7,1.3,8.1,9.9,17.7,1.2,1.5,2.7,.098,-0.7,1.4,0.7,0.9,,huffja01
146,Mark Williams,24,PHO,C,56,52,1322,21.8,.670,.002,.396,14.1,23.9,18.8,6.5,1.9,3.6,10.9,17.4,3.7,2.1,5.9,.213,1.4,0.4,1.8,1.3,,willima07
147,Josh Giddey,23,CHI,PG,42,39,1314,18.7,.571,.363,.352,4.2,23.7,14.1,40.1,1.5,1.1,18.9,25.7,1.3,1.3,2.6,.097,2.4,0.4,2.7,1.6,,giddejo01
148,Egor Dёmin,19,BRK,PG,52,45,1308,11.4,.561,.717,.145,1.8,13.5,7.3,20.5,1.6,1.2,15.3,18.7,0.3,0.7,0.9,.034,-0.8,-0.8,-1.6,0.1,,demineg01
149,Cedric Coward,22,MEM,SG,50,35,1306,14.7,.581,.426,.250,5.4,20.1,12.7,15.8,1.0,1.5,13.4,21.2,1.0,1.2,2.2,.081,0.1,-0.4,-0.3,0.6,,cowarce01
150,Jock Landale,30,2TM,C,57,26,1294,17.2,.602,.349,.236,14.0,14.7,14.3,10.5,1.1,2.1,9.1,18.7,2.6,1.1,3.6,.135,1.3,-1.1,0.2,0.7,,landajo01
150,Jock Landale,30,MEM,C,45,25,1060,16.9,.594,.332,.229,14.3,15.4,14.9,10.4,1.1,1.9,9.7,18.6,2.0,0.9,2.8,.128,1.1,-1.1,-0.1,0.5,,landajo01
150,Jock Landale,30,ATL,C,12,1,234,18.6,.633,.427,.270,12.3,11.6,12.0,11.0,1.0,2.7,6.6,19.0,0.6,0.2,0.8,.166,2.5,-0.9,1.6,0.2,,landajo01
151,Kelly Oubre Jr.,30,PHI,SF,39,34,1278,13.0,.588,.451,.283,3.2,12.9,8.0,7.8,2.0,1.5,10.4,17.8,1.0,1.2,2.2,.084,-1.0,-0.4,-1.3,0.2,,oubreke01
152,Austin Reaves,27,LAL,SG,38,32,1272,21.2,.651,.429,.502,2.3,13.9,8.2,24.7,1.6,1.0,14.5,27.5,3.3,1.0,4.3,.162,3.9,-0.7,3.1,1.7,,reaveau01
153,Precious Achiuwa,26,SAC,C,57,41,1269,15.7,.558,.167,.214,10.3,20.5,15.2,8.6,2.0,2.5,8.1,16.2,1.4,0.9,2.3,.086,-0.6,-0.6,-1.1,0.3,,achiupr01
154,Luke Kennard,29,2TM,SG,60,1,1263,13.9,.722,.590,.145,2.1,9.7,5.9,12.9,1.5,0.4,11.5,13.3,2.5,0.9,3.5,.131,0.4,0.0,0.4,0.8,,kennalu01
154,Luke Kennard,29,ATL,SG,46,0,944,13.5,.713,.621,.146,2.1,9.2,5.6,13.3,1.6,0.5,11.1,12.7,1.8,0.7,2.6,.130,0.1,0.1,0.3,0.5,,kennalu01
154,Luke Kennard,29,LAL,SG,14,1,319,15.2,.747,.511,.141,1.9,11.0,6.6,11.7,1.2,0.3,12.5,15.3,0.7,0.2,0.9,.135,1.1,-0.4,0.7,0.2,,kennalu01
155,Dominick Barlow,22,PHI,PF,52,45,1255,13.5,.597,.217,.307,8.9,12.6,10.7,6.7,1.9,2.5,10.5,13.2,1.7,1.2,2.9,.113,-1.1,0.2,-0.9,0.3,,barlodo01
156,Tre Jones,26,CHI,PG,47,24,1252,17.7,.628,.214,.403,2.3,9.0,5.7,29.6,2.1,0.6,11.7,17.6,3.2,0.8,4.1,.156,0.6,0.3,0.9,0.9,,jonestr01
157,Klay Thompson,35,DAL,SF,57,8,1248,11.3,.539,.727,.067,1.3,9.6,5.6,9.3,1.1,1.1,8.3,22.7,-0.4,0.9,0.5,.019,0.0,-1.4,-1.4,0.2,,thompkl01
158,Sidy Cissoko,21,POR,SF,59,24,1243,7.3,.522,.601,.266,4.5,7.7,6.1,9.2,1.8,1.6,15.7,12.7,0.1,0.9,1.0,.037,-4.3,0.2,-4.1,-0.6,,cissosi01
159,Collin Sexton,27,2TM,SG,54,15,1239,17.1,.620,.383,.345,2.3,7.1,4.8,23.2,2.0,0.6,15.4,25.6,2.0,1.0,3.0,.115,1.2,-0.6,0.6,0.8,,sextoco01
159,Collin Sexton,27,CHO,SG,42,12,938,17.7,.619,.350,.372,2.2,7.3,4.8,26.5,1.9,0.7,15.6,25.7,1.9,0.8,2.6,.135,1.7,-0.6,1.1,0.7,,sextoco01
159,Collin Sexton,27,CHI,SG,12,3,301,15.2,.625,.482,.266,2.5,6.6,4.6,13.0,2.5,0.3,14.8,25.5,0.1,0.2,0.3,.052,-0.4,-0.6,-1.1,0.1,,sextoco01
160,Grayson Allen,30,PHO,SG,41,26,1235,16.6,.568,.684,.227,2.5,8.7,5.5,21.1,2.4,0.9,10.0,24.0,2.0,1.3,3.3,.130,2.3,0.1,2.5,1.4,,allengr01
161,Herbert Jones,27,NOP,SF,43,43,1232,9.1,.485,.528,.136,3.2,10.2,6.7,12.9,2.8,1.6,12.7,15.1,-0.4,0.9,0.5,.020,-3.9,0.5,-3.4,-0.4,,joneshe01
162,Isaiah Joe,26,OKC,SG,56,8,1224,15.1,.642,.782,.255,2.6,10.2,6.5,9.1,1.7,0.7,6.8,18.2,2.5,1.9,4.4,.174,1.6,0.5,2.1,1.3,,joeis01
163,Brandon Williams,26,DAL,PG,55,15,1224,16.5,.565,.255,.447,2.3,11.4,7.0,25.8,2.0,1.0,14.3,25.5,0.7,1.2,2.0,.077,-0.1,0.2,0.1,0.7,,willibr03
164,Zach LaVine,30,SAC,SG,39,37,1224,14.8,.614,.464,.260,0.7,9.4,4.9,11.3,1.1,0.7,10.8,23.7,1.3,0.0,1.3,.050,0.7,-2.2,-1.6,0.1,,lavinza01
165,Stephen Curry,37,GSW,PG,39,39,1222,22.8,.636,.602,.274,1.4,11.1,6.2,27.3,1.7,1.2,11.7,32.7,2.8,1.2,4.0,.157,6.4,-1.0,5.4,2.3,AS,curryst01
166,Bennedict Mathurin,23,2TM,SF,39,25,1213,13.9,.571,.378,.441,3.6,16.9,10.1,11.4,1.2,0.8,12.4,24.7,0.5,0.8,1.3,.050,-1.3,-1.5,-2.8,-0.2,,mathube01
166,Bennedict Mathurin,23,IND,SF,28,24,891,12.9,.589,.436,.408,2.6,16.3,9.2,10.7,0.9,0.4,13.2,23.1,0.3,0.4,0.8,.043,-1.1,-1.8,-2.9,-0.2,,mathube01
166,Bennedict Mathurin,23,LAC,SF,11,1,322,16.9,.531,.245,.516,6.4,18.5,12.6,13.4,2.0,1.8,10.8,29.4,0.1,0.4,0.5,.072,-2.0,-0.5,-2.5,0.0,,mathube01
167,Isaiah Stewart,24,DET,C,52,13,1210,15.1,.628,.313,.335,7.9,16.1,12.0,6.8,0.6,7.1,12.6,16.3,1.8,1.9,3.7,.147,-1.1,1.1,0.0,0.6,,stewais01
168,Tre Johnson,19,WAS,SG,50,32,1207,12.1,.557,.497,.151,2.3,10.3,6.2,12.6,1.2,1.2,11.7,22.1,0.2,0.0,0.2,.006,-1.0,-2.5,-3.6,-0.5,,johnstr03
169,Zaccharie Risacher,20,ATL,SF,50,45,1207,10.9,.536,.483,.147,4.1,12.6,8.3,7.3,1.8,2.0,8.9,17.9,-0.1,1.3,1.2,.047,-2.8,-0.6,-3.3,-0.4,,risacza01
170,Jordan Goodwin,27,PHO,PG,54,4,1206,14.7,.515,.532,.096,9.1,14.4,11.7,14.5,3.3,0.9,10.2,18.3,1.0,1.8,2.8,.112,0.3,1.3,1.6,1.1,,goodwjo01
171,Santi Aldama,25,MEM,PF,43,11,1198,16.4,.572,.420,.239,6.0,19.8,12.9,15.5,1.5,2.4,9.5,20.1,1.4,1.3,2.7,.107,1.3,0.5,1.8,1.2,,aldamsa01
172,Ron Holland,20,DET,SF,59,5,1197,12.2,.520,.376,.282,6.5,17.2,11.9,8.8,3.0,1.7,13.8,18.8,0.0,2.3,2.2,.089,-2.9,1.5,-1.4,0.2,,hollaro01
173,Spencer Jones,24,DEN,SF,52,34,1183,9.2,.625,.583,.218,5.7,10.0,7.9,4.5,1.8,1.8,10.2,9.7,1.2,0.9,2.1,.084,-2.5,-0.2,-2.7,-0.2,,jonessp01
174,Jimmy Butler,36,GSW,SF,38,38,1182,23.6,.646,.184,.621,8.1,11.6,9.8,24.1,2.2,0.6,9.3,23.2,4.7,1.2,5.9,.241,5.0,0.6,5.5,2.3,,butleji01
175,Ryan Kalkbrenner,24,CHO,C,53,30,1180,18.2,.747,.008,.409,13.3,16.4,14.9,5.0,1.2,6.1,14.6,11.7,2.9,1.6,4.4,.180,0.6,1.1,1.7,1.1,,kalkbry01
176,Aaron Wiggins,27,OKC,SG,50,18,1180,12.2,.538,.508,.142,3.3,11.9,7.8,11.1,2.0,2.1,11.9,20.0,-0.2,2.1,1.9,.078,-1.2,0.7,-0.5,0.4,,wiggiaa01
177,De'Andre Hunter,28,2TM,SF,45,25,1176,11.5,.545,.491,.285,2.8,14.5,8.6,10.7,1.2,0.5,11.7,22.7,0.2,1.0,1.2,.048,-2.4,-1.5,-3.9,-0.6,,huntede01
177,De'Andre Hunter,28,CLE,SF,43,23,1125,12.1,.553,.492,.284,2.8,14.9,8.9,11.1,1.3,0.5,11.6,22.8,0.4,1.0,1.4,.061,-2.0,-1.3,-3.3,-0.4,,huntede01
177,De'Andre Hunter,28,SAC,SF,2,2,51,-3.4,.347,.474,.316,2.1,4.5,3.3,2.5,0.0,0.0,15.6,21.3,-0.2,0.0,-0.2,-0.226,-10.9,-5.6,-16.6,-0.2,,huntede01
178,Alex Sarr,20,WAS,C,42,42,1174,20.2,.554,.210,.234,8.7,20.6,14.6,16.1,1.4,6.2,10.0,25.4,1.1,0.9,1.9,.079,1.5,-0.2,1.3,1.0,,sarral01
179,Kevin Porter Jr.,25,MIL,PG,35,33,1171,18.6,.565,.285,.301,3.0,14.2,8.7,33.2,3.3,1.4,16.0,24.3,1.3,1.3,2.6,.107,0.7,1.1,1.9,1.2,,porteke02
180,Dylan Harper,19,SAS,SG,53,0,1169,15.4,.551,.270,.213,3.3,12.2,7.9,24.7,1.9,1.2,12.4,22.2,1.0,1.6,2.7,.110,-0.5,1.1,0.6,0.8,,harpedy01
181,RJ Barrett,25,TOR,SF,39,39,1166,17.0,.582,.358,.338,3.2,17.2,10.1,17.6,1.3,0.9,9.5,25.2,1.4,1.4,2.8,.114,1.3,-0.5,0.8,0.8,,barrerj01
182,Cameron Johnson,29,DEN,SF,38,38,1162,11.1,.592,.519,.250,2.9,10.7,7.0,10.3,1.0,1.0,8.9,14.8,1.4,0.6,1.9,.080,-0.9,-1.3,-2.2,0.0,,johnsca02
183,Gary Trent Jr.,27,MIL,SG,55,17,1161,7.8,.528,.735,.115,0.7,4.8,2.8,8.1,1.2,0.3,7.1,16.1,-0.1,0.2,0.2,.007,-3.2,-2.0,-5.2,-0.9,,trentga02
184,Malik Monk,27,SAC,SG,52,0,1154,14.1,.566,.492,.165,1.3,8.8,4.9,18.8,1.3,1.5,11.4,24.2,0.6,0.1,0.7,.028,0.7,-2.2,-1.5,0.1,,monkma01
185,Luke Kornet,30,SAS,C,54,22,1153,18.4,.695,.000,.409,14.7,16.7,15.7,11.5,1.0,4.5,8.6,10.6,3.8,1.8,5.6,.234,1.7,2.0,3.7,1.7,,kornelu01
186,Ben Sheppard,24,IND,SG,53,19,1153,9.2,.539,.616,.142,2.8,12.8,7.6,11.5,1.3,0.3,8.7,13.6,0.5,0.6,1.0,.043,-2.8,-0.6,-3.4,-0.4,,sheppbe01
187,Kevin Huerter,27,2TM,SG,52,11,1146,13.1,.551,.551,.134,2.4,14.7,8.6,15.8,1.7,2.4,10.0,19.1,0.5,1.1,1.5,.065,-1.2,0.2,-0.9,0.3,,huertke01
187,Kevin Huerter,27,CHI,SF,44,11,1037,13.3,.559,.552,.139,2.4,14.8,8.7,16.1,1.6,2.2,10.3,19.4,0.5,0.9,1.3,.062,-1.0,0.0,-1.0,0.3,,huertke01
187,Kevin Huerter,27,DET,SG,8,0,109,11.0,.470,.541,.081,2.0,14.1,8.1,12.2,2.2,4.6,7.3,15.7,0.0,0.2,0.2,.084,-2.4,2.2,-0.1,0.1,,huertke01
188,Day'Ron Sharpe,24,BRK,C,61,7,1142,20.4,.634,.110,.435,16.3,25.7,20.7,20.8,2.8,2.0,20.2,19.6,2.0,1.4,3.4,.142,0.4,0.9,1.3,1.0,,sharpda01
189,Javonte Green,32,DET,SG,63,4,1136,12.9,.583,.573,.303,5.0,12.0,8.5,4.8,3.3,1.8,9.8,14.8,1.1,2.0,3.2,.134,-1.2,2.1,0.9,0.8,,greenja02
190,Josh Okogie,27,HOU,SG,60,29,1134,9.8,.557,.559,.231,6.5,9.2,7.9,5.5,2.3,1.0,11.7,11.4,0.9,1.3,2.2,.092,-2.4,0.9,-1.6,0.1,,okogijo01
191,Ajay Mitchell,23,OKC,SG,43,9,1129,17.3,.590,.300,.287,2.9,11.0,7.1,20.3,2.6,1.2,11.7,22.3,1.6,2.1,3.7,.159,0.4,1.7,2.1,1.1,,mitchaj01
192,Khris Middleton,34,2TM,SF,46,44,1125,11.5,.530,.317,.261,4.0,13.3,8.6,18.7,1.4,0.7,14.7,20.3,0.0,0.4,0.4,.018,-2.6,-1.4,-4.0,-0.6,,middlkh01
192,Khris Middleton,34,WAS,SF,34,34,827,11.6,.531,.330,.230,3.8,13.5,8.6,19.1,1.5,1.0,14.7,19.6,0.1,0.2,0.2,.014,-2.6,-1.5,-4.0,-0.4,,middlkh01
192,Khris Middleton,34,DAL,SF,12,10,298,11.3,.527,.282,.342,4.7,12.5,8.7,17.8,1.0,0.0,14.6,22.2,0.0,0.2,0.2,.027,-2.8,-1.3,-4.1,-0.2,,middlkh01
193,Bilal Coulibaly,21,WAS,SG,43,43,1124,12.1,.515,.402,.336,3.3,14.3,8.7,13.2,2.5,3.1,12.5,18.4,-0.1,0.7,0.5,.023,-2.9,-0.1,-3.0,-0.3,,coulibi01
194,Ryan Dunn,23,PHO,SF,57,14,1123,10.8,.511,.466,.131,7.8,15.7,11.6,10.0,2.1,2.0,12.7,14.0,0.4,1.4,1.8,.078,-2.5,0.9,-1.7,0.1,,dunnry01
195,Svi Mykhailiuk,28,UTA,SF,48,41,1123,11.2,.623,.652,.083,3.2,8.3,5.7,11.2,1.0,0.3,10.0,14.4,1.3,-0.2,1.1,.048,0.0,-2.0,-2.0,0.0,,mykhasv01
196,Jose Alvarado,27,2TM,PG,54,0,1123,11.8,.544,.680,.099,1.9,11.9,6.9,20.9,2.3,0.5,13.3,16.2,0.8,0.8,1.6,.068,-1.4,0.2,-1.3,0.2,,alvarjo01
196,Jose Alvarado,27,NOP,PG,41,0,896,11.2,.558,.689,.086,1.9,12.0,6.9,19.3,2.0,0.4,13.9,15.7,0.6,0.4,1.0,.055,-1.5,-0.6,-2.1,0.0,,alvarjo01
196,Jose Alvarado,27,NYK,PG,13,0,227,13.9,.498,.646,.146,1.9,11.8,6.8,27.3,3.5,0.9,11.2,18.4,0.2,0.4,0.6,.121,-1.3,3.1,1.9,0.2,,alvarjo01
197,Nicolas Batum,37,LAC,PF,60,5,1118,8.0,.595,.955,.055,2.2,13.5,8.0,6.4,1.8,1.7,14.5,9.6,0.4,1.0,1.3,.057,-1.8,0.7,-1.2,0.2,,batumni01
198,Brook Lopez,37,LAC,C,56,21,1111,11.5,.540,.618,.116,2.7,14.8,9.0,8.0,1.6,4.6,10.1,17.8,0.0,1.2,1.2,.052,-1.8,0.4,-1.4,0.2,,lopezbr01
199,Kobe Sanders,23,LAC,SG,53,15,1108,8.7,.577,.483,.177,2.9,10.4,6.8,11.2,1.4,0.6,17.8,15.8,0.0,0.7,0.7,.028,-3.2,-0.7,-3.9,-0.5,,sandeko01
200,Dean Wade,29,CLE,PF,49,28,1107,10.9,.578,.726,.165,4.0,16.3,10.1,8.5,1.7,1.7,5.4,9.9,1.4,1.3,2.7,.117,-0.9,1.3,0.4,0.7,,wadede01
201,Patrick Williams,24,CHI,PF,56,4,1092,8.9,.512,.556,.139,4.1,11.6,7.9,9.5,1.5,1.3,12.6,16.9,-0.6,0.7,0.2,.007,-2.9,-1.2,-4.0,-0.6,,willipa01
202,Kentavious Caldwell-Pope,32,MEM,SG,51,14,1088,11.0,.533,.475,.219,2.0,10.4,6.2,17.5,1.9,0.7,13.2,17.6,0.3,0.8,1.1,.047,-2.3,-0.1,-2.4,-0.1,,caldwke01
203,Jusuf Nurkić,31,UTA,C,41,36,1083,16.6,.548,.198,.316,10.5,32.7,21.4,25.8,2.3,2.0,19.9,19.4,0.5,1.1,1.6,.071,-0.4,1.5,1.1,0.8,,nurkiju01
204,Justin Champagnie,24,WAS,SF,56,15,1082,17.6,.596,.368,.235,11.7,19.2,15.4,8.2,2.1,3.0,8.6,16.1,2.0,0.7,2.7,.119,0.8,-0.9,-0.1,0.5,,champju01
205,Tari Eason,24,HOU,PF,41,27,1081,13.8,.539,.473,.100,8.2,18.0,13.2,8.8,2.4,2.0,12.4,18.5,0.7,1.6,2.4,.105,-0.8,0.5,-0.4,0.4,,easonta01
206,Walter Clayton,22,2TM,PG,55,2,1060,10.5,.521,.530,.260,1.5,9.9,5.6,26.7,1.7,1.3,17.7,17.6,0.2,0.3,0.5,.020,-2.3,-1.5,-3.9,-0.5,,claytwa01
206,Walter Clayton,22,UTA,PG,45,0,811,10.6,.540,.559,.242,2.0,10.0,5.9,23.8,1.4,1.5,16.8,17.3,0.3,0.1,0.4,.022,-1.8,-1.5,-3.3,-0.3,,claytwa01
206,Walter Clayton,22,MEM,PG,10,2,249,10.2,.461,.436,.321,0.0,9.5,4.8,36.0,2.5,0.7,20.5,18.7,-0.1,0.2,0.1,.017,-4.1,-1.7,-5.8,-0.2,,claytwa01
207,Aaron Nesmith,26,IND,SF,36,33,1059,10.0,.521,.554,.227,4.1,12.6,8.2,10.1,1.0,1.6,10.1,19.4,-0.2,0.5,0.3,.015,-2.3,-1.5,-3.8,-0.5,,nesmiaa01
208,Jalen Suggs,24,ORL,PG,40,39,1051,16.9,.565,.543,.211,2.6,13.4,8.0,30.4,3.5,2.7,17.3,23.8,0.4,1.8,2.2,.101,1.0,2.3,3.4,1.4,,suggsja01
209,Dru Smith,28,MIA,SG,62,1,1047,14.8,.532,.403,.333,5.4,10.3,7.8,19.7,4.2,1.7,12.5,15.2,1.1,1.9,3.0,.138,-1.3,3.9,2.6,1.2,,smithdr01
210,Quinten Post,25,GSW,PF,61,32,1047,13.0,.558,.638,.099,6.5,19.7,13.0,11.7,1.2,2.6,10.6,18.6,0.6,1.2,1.9,.086,-0.9,0.0,-0.9,0.3,,postqu01
211,Collin Murray-Boyles,20,TOR,PF,47,22,1046,15.2,.605,.177,.266,12.1,13.0,12.5,12.2,2.1,3.8,14.4,14.5,1.5,1.5,3.0,.140,-0.7,1.4,0.7,0.7,,murraco01
212,Will Richard,23,GSW,SG,54,16,1043,12.5,.610,.601,.175,5.7,8.6,7.2,10.4,3.0,0.6,12.3,14.2,1.2,1.2,2.4,.109,-1.7,1.1,-0.6,0.4,,richawi02
213,Jrue Holiday,35,POR,PG,36,34,1038,18.0,.590,.490,.163,5.2,11.9,8.5,34.6,1.9,0.3,16.9,24.0,1.8,0.8,2.6,.118,3.4,-0.8,2.6,1.2,,holidjr01
214,Ziaire Williams,24,BRK,SF,45,5,1037,11.6,.578,.663,.293,2.7,9.9,6.1,6.2,2.6,1.7,10.6,17.8,0.4,0.7,1.2,.054,-2.1,0.0,-2.1,0.0,,willizi02
215,Cody Williams,21,UTA,SG,50,24,1036,8.6,.523,.313,.183,4.9,9.1,6.9,7.4,1.6,2.0,10.5,12.9,0.1,0.1,0.2,.011,-3.5,-1.6,-5.1,-0.8,,willico04
216,Sam Merrill,29,CLE,SG,40,28,1035,13.9,.669,.797,.132,2.6,7.1,4.9,11.8,1.1,0.5,8.5,17.1,2.3,0.6,2.9,.134,1.6,-1.1,0.5,0.7,,merrisa01
217,Keon Ellis,26,2TM,SG,55,5,1034,10.0,.547,.683,.140,2.3,7.4,4.8,5.9,3.1,3.4,9.3,12.7,0.2,0.9,1.1,.050,-2.4,1.7,-0.7,0.4,,elliske01
217,Keon Ellis,26,SAC,SG,43,5,758,9.2,.536,.689,.153,2.1,6.1,4.0,4.6,2.9,2.6,8.6,13.7,0.0,0.4,0.4,.024,-2.8,0.8,-2.0,0.0,,elliske01
217,Keon Ellis,26,CLE,SG,12,0,276,12.3,.593,.661,.089,2.8,11.1,6.9,9.6,3.5,5.4,12.1,10.0,0.2,0.5,0.7,.120,-1.2,4.4,3.2,0.4,,elliske01
218,Joel Embiid,31,PHI,C,33,33,1029,25.0,.606,.220,.470,7.0,19.9,13.3,22.5,1.0,3.2,11.9,33.8,2.4,1.0,3.5,.162,5.1,-0.4,4.6,1.7,,embiijo01
219,Will Riley,19,WAS,SF,55,4,1009,11.9,.542,.385,.278,4.7,9.6,7.1,12.5,1.6,0.4,12.6,19.7,0.2,0.0,0.2,.011,-2.1,-2.4,-4.5,-0.6,,rileywi01
220,Ja'Kobe Walter,21,TOR,SG,53,11,1007,10.4,.565,.634,.208,4.1,9.8,6.9,7.5,2.5,0.8,8.7,14.2,0.7,1.3,2.0,.094,-2.6,1.1,-1.6,0.1,,walteja01
221,Jaylin Williams,23,OKC,PF,50,10,1006,13.1,.572,.714,.275,3.0,25.3,14.6,16.8,1.3,3.2,15.8,15.8,0.7,2.2,2.9,.139,-0.7,2.6,1.9,1.0,,willija07
222,Kris Murray,25,POR,SF,41,15,1000,9.4,.533,.429,.214,7.6,9.4,8.5,6.2,2.0,1.5,12.9,10.7,0.5,0.8,1.3,.064,-2.6,0.5,-2.0,0.0,,murrakr01
223,Caleb Love,24,POR,SG,45,1,999,11.1,.500,.598,.101,2.6,9.8,6.2,18.5,1.3,0.4,10.7,23.0,0.0,0.5,0.5,.025,-1.1,-1.8,-2.9,-0.2,,loveca01
224,Craig Porter Jr.,25,CLE,PG,56,2,994,13.8,.512,.355,.156,8.2,12.4,10.3,23.3,2.6,3.0,17.4,12.6,1.1,1.3,2.4,.117,0.0,2.2,2.2,1.1,,portecr01
225,Danny Wolf,21,BRK,PF,49,8,994,12.8,.521,.477,.223,5.7,21.7,13.3,17.7,1.3,2.4,12.6,20.5,0.1,0.8,0.8,.040,-1.8,-0.4,-2.2,0.0,,wolfda01
226,Yves Missi,21,NOP,C,53,8,992,15.1,.555,.004,.326,15.7,15.8,15.8,8.0,0.9,7.2,13.2,12.7,1.3,0.7,2.0,.098,-1.4,-0.7,-2.1,0.0,,missiyv01
227,Jordan Clarkson,33,NYK,SG,55,1,988,10.6,.539,.465,.184,4.5,5.7,5.1,9.8,1.1,0.8,10.6,21.5,0.3,0.8,1.1,.054,-2.3,-1.6,-4.0,-0.5,,clarkjo01
228,Daniel Gafford,27,DAL,C,46,36,987,17.5,.674,.000,.445,11.3,21.0,16.3,6.8,1.7,5.1,16.3,14.9,1.7,1.6,3.2,.156,-1.3,1.7,0.4,0.6,,gaffoda01
229,Jordan Walsh,21,BOS,PF,56,20,984,13.4,.630,.438,.212,8.5,17.3,13.0,5.6,2.1,2.5,11.9,11.9,1.6,1.5,3.1,.152,-1.5,1.4,-0.1,0.5,,walshjo01
230,Miles McBride,25,NYK,SG,35,14,981,13.5,.592,.671,.119,2.5,7.8,5.1,13.7,1.5,0.6,6.8,17.7,1.7,0.9,2.7,.130,1.3,0.1,1.3,0.8,,mcbrimi01
231,Simone Fontecchio,30,MIA,SF,58,5,975,12.9,.553,.702,.220,4.7,14.2,9.4,11.6,1.5,0.8,9.0,19.8,0.8,1.2,2.0,.097,0.0,0.0,0.0,0.5,,fontesi01
232,Baylor Scheierman,25,BOS,SG,59,16,971,11.4,.619,.717,.082,4.0,17.0,10.6,9.5,1.7,0.5,12.0,11.5,1.3,1.3,2.6,.127,-1.3,1.6,0.2,0.6,,scheiba01
233,Mouhamed Gueye,23,ATL,PF,61,5,958,11.7,.530,.426,.227,8.2,17.0,12.6,7.3,2.5,2.9,10.1,12.9,0.5,1.4,1.9,.094,-3.1,0.9,-2.1,0.0,,gueyemo02
234,Jalen Smith,25,CHI,C,47,15,955,17.3,.607,.538,.230,9.5,26.3,18.1,9.0,1.1,3.4,10.3,19.3,1.3,1.1,2.4,.122,0.6,-0.7,-0.1,0.5,,smithja04
235,Giannis Antetokounmpo,31,MIL,PF,33,33,955,33.3,.670,.079,.614,10.7,27.4,19.1,38.4,1.6,2.4,13.6,36.4,3.9,1.2,5.0,.253,8.1,2.2,10.2,3.0,AS,antetgi01
236,Jaxson Hayes,25,LAL,C,54,8,954,17.7,.758,.010,.471,10.5,15.9,13.3,7.4,1.1,3.2,9.1,12.5,3.0,0.8,3.8,.191,0.5,0.0,0.5,0.6,,hayesja02
237,Jarred Vanderbilt,26,LAL,PF,53,3,954,11.1,.546,.418,.234,9.0,20.9,15.1,9.0,2.3,1.8,18.1,12.4,0.3,1.2,1.5,.075,-2.5,0.7,-1.8,0.1,,vandeja01
238,Coby White,25,2TM,SG,35,26,953,14.6,.578,.519,.391,0.9,12.6,6.9,25.4,1.1,0.2,15.4,27.8,0.5,0.5,1.0,.048,-0.9,-2.2,-3.0,-0.3,,whiteco01
238,Coby White,25,CHI,SG,29,26,843,14.4,.586,.529,.392,0.9,12.6,6.8,24.2,1.1,0.2,16.0,27.4,0.3,0.4,0.7,.041,-1.0,-2.3,-3.3,-0.3,,whiteco01
238,Coby White,25,CHO,SG,6,0,110,16.3,.528,.450,.383,1.0,13.1,7.2,34.7,1.3,0.0,11.4,30.4,0.2,0.1,0.2,.106,0.0,-1.1,-1.1,0.0,,whiteco01
239,Andre Drummond,32,PHI,C,48,24,937,16.5,.549,.259,.286,18.1,30.0,23.9,6.8,1.5,3.8,14.1,15.1,1.2,1.4,2.6,.132,-0.5,-0.6,-1.1,0.2,,drumman01
240,Gradey Dick,22,TOR,SG,61,1,933,10.6,.541,.508,.243,4.5,11.5,7.9,6.0,2.0,0.6,9.1,17.7,0.3,1.1,1.4,.070,-3.1,-0.3,-3.4,-0.3,,dickgr01
241,Daniss Jenkins,24,DET,PG,54,8,923,12.2,.504,.357,.247,3.7,7.9,5.9,23.4,2.3,1.0,14.4,21.1,0.2,1.3,1.4,.073,-1.8,0.2,-1.6,0.1,,jenkida01
242,Adem Bona,22,PHI,C,54,6,922,12.6,.646,.032,.539,11.4,16.0,13.6,3.3,1.1,6.8,18.1,10.7,1.1,1.1,2.1,.110,-3.3,0.4,-2.9,-0.2,,bonaad01
243,Marvin Bagley III,26,2TM,PF,46,9,918,20.5,.654,.076,.395,13.9,19.0,16.5,10.7,1.2,3.2,12.2,19.1,2.3,0.6,2.8,.147,1.7,-1.2,0.5,0.6,,baglema01
243,Marvin Bagley III,26,WAS,PF,38,8,731,20.7,.667,.077,.394,13.9,17.5,15.7,11.8,1.3,3.3,13.2,19.0,1.9,0.3,2.2,.145,1.9,-1.1,0.8,0.5,,baglema01
243,Marvin Bagley III,26,DAL,PF,8,1,187,19.8,.607,.074,.397,13.9,24.8,19.5,6.6,0.8,3.1,8.1,19.5,0.4,0.2,0.6,.155,0.7,-1.4,-0.7,0.1,,baglema01
244,Hugo González,19,BOS,SF,59,3,916,10.3,.550,.472,.113,6.6,17.9,12.3,5.1,2.0,1.9,12.6,12.0,0.4,1.4,1.8,.096,-3.2,1.4,-1.8,0.0,,gonzahu01
245,Nolan Traoré,19,BRK,PG,41,18,916,7.8,.487,.369,.191,1.4,7.2,4.2,25.5,1.5,1.4,19.7,20.5,-1.2,0.3,-0.9,-0.045,-4.7,-2.1,-6.8,-1.1,,traorno01
246,Isaiah Hartenstein,27,OKC,C,36,35,914,19.7,.645,.024,.376,14.1,24.8,19.7,19.4,1.9,3.0,19.2,16.7,2.0,2.1,4.2,.218,1.0,2.8,3.8,1.3,,harteis01
247,Gui Santos,23,GSW,PF,52,16,907,14.2,.619,.513,.218,6.5,16.2,11.3,15.2,2.2,1.9,17.1,17.0,0.8,1.2,2.0,.106,-0.8,1.1,0.3,0.5,,santogu01
248,Landry Shamet,28,NYK,SG,40,9,905,12.8,.628,.718,.227,2.2,6.5,4.3,9.2,1.2,0.9,6.7,16.1,1.7,0.8,2.4,.130,0.8,0.3,1.1,0.7,,shamela01
249,Tyus Jones,29,3TM,PG,58,10,905,8.2,.442,.631,.040,1.2,6.6,3.9,21.0,1.9,0.3,9.8,10.5,0.2,0.8,1.0,.053,-3.0,0.6,-2.4,-0.1,,jonesty01
249,Tyus Jones,29,ORL,PG,48,8,754,8.5,.448,.646,.038,1.3,6.5,3.9,19.8,2.1,0.4,8.0,9.8,0.3,0.7,1.1,.067,-2.8,1.1,-1.7,0.1,,jonesty01
249,Tyus Jones,29,DAL,PG,8,2,133,8.8,.444,.559,.059,0.8,6.2,3.6,29.5,1.1,0.0,12.5,12.6,0.0,0.1,0.1,.035,-3.1,-1.3,-4.4,-0.1,,jonesty01
249,Tyus Jones,29,DEN,PG,2,0,18,-8.9,.250,.667,.000,0.0,12.1,6.3,6.7,0.0,0.0,33.3,21.8,-0.1,0.0,-0.1,-0.369,-12.6,-7.7,-20.3,-0.1,,jonesty01
250,Mitchell Robinson,27,NYK,C,47,14,904,19.9,.655,.000,.585,24.5,24.3,24.4,6.2,2.1,5.7,14.0,10.1,2.5,1.8,4.3,.228,1.6,1.2,2.8,1.1,,robinmi01
251,Drake Powell,20,BRK,SG,47,9,894,7.9,.549,.511,.258,1.9,8.8,5.1,11.6,1.3,0.7,15.6,14.7,-0.1,0.3,0.2,.009,-4.3,-1.2,-5.6,-0.8,,poweldr01
252,Al Horford,39,GSW,C,41,10,894,15.1,.566,.634,.090,5.0,20.4,12.6,16.8,1.6,4.7,11.5,16.1,0.9,1.3,2.2,.118,0.5,1.5,2.0,0.9,,horfoal01
253,Franz Wagner,24,ORL,SF,28,26,891,19.7,.591,.269,.407,5.0,15.1,10.0,18.4,1.6,0.9,8.7,26.3,1.8,1.0,2.8,.150,2.9,0.0,2.9,1.1,,wagnefr01
254,Christian Braun,24,DEN,SG,28,28,886,11.5,.577,.355,.303,6.3,10.5,8.5,12.5,0.9,0.9,11.5,14.6,1.1,0.4,1.5,.080,-0.8,-1.1,-1.9,0.0,,braunch01
255,Bryce McGowens,23,NOP,SG,42,13,880,11.8,.610,.392,.401,1.5,9.5,5.4,9.5,1.5,1.0,5.7,14.0,1.5,0.3,1.7,.094,-2.0,-1.0,-3.0,-0.2,,mcgowbr01
256,Jordan Miller,26,LAC,SF,42,0,880,15.9,.640,.299,.496,4.8,11.6,8.3,13.9,1.8,0.8,12.9,17.9,1.7,0.6,2.3,.126,0.7,-0.2,0.5,0.5,,millejo02
257,Caris LeVert,31,DET,SG,45,0,869,10.7,.521,.477,.221,1.8,8.2,5.0,18.1,2.2,3.3,16.3,17.8,-0.1,1.3,1.2,.064,-2.1,1.4,-0.6,0.3,,leverca01
258,Jared McCain,21,2TM,SG,50,1,867,11.3,.543,.523,.130,2.2,11.8,7.0,12.2,1.7,0.2,11.0,20.2,0.1,0.9,0.9,.052,-1.8,-0.6,-2.5,-0.1,,mccaija01
258,Jared McCain,21,PHI,SG,37,1,620,9.5,.506,.515,.108,1.0,12.5,6.7,14.2,1.7,0.3,11.0,18.6,-0.2,0.5,0.3,.024,-2.9,-0.9,-3.8,-0.3,,mccaija01
258,Jared McCain,21,OKC,SG,13,0,247,15.7,.614,.539,.174,5.0,10.1,7.7,7.3,1.8,0.0,10.8,24.3,0.2,0.4,0.6,.122,0.9,-0.1,0.8,0.2,,mccaija01
259,Corey Kispert,26,2TM,SF,43,8,867,13.3,.618,.599,.239,2.3,10.9,6.5,12.0,0.8,0.7,9.5,18.2,1.2,0.3,1.4,.080,0.3,-1.9,-1.7,0.1,,kispeco01
259,Corey Kispert,26,WAS,SF,19,2,370,14.2,.649,.639,.286,1.7,11.1,6.3,12.3,1.0,0.7,9.5,16.7,0.7,0.0,0.7,.085,1.0,-2.1,-1.1,0.1,,kispeco01
259,Corey Kispert,26,ATL,SF,24,6,497,12.7,.597,.574,.211,2.8,10.7,6.7,11.7,0.6,0.7,9.6,19.3,0.5,0.3,0.8,.076,-0.3,-1.8,-2.1,0.0,,kispeco01
260,Darius Garland,26,2TM,PG,29,27,865,15.5,.565,.440,.202,1.8,7.5,4.7,33.8,1.2,0.3,15.5,26.1,0.9,0.5,1.4,.080,0.9,-2.5,-1.7,0.1,,garlada01
260,Darius Garland,26,CLE,PG,26,26,792,15.6,.567,.435,.210,1.7,7.1,4.4,33.5,1.3,0.4,15.1,25.6,0.9,0.5,1.4,.088,1.0,-2.5,-1.5,0.1,,garlada01
260,Darius Garland,26,LAC,PG,3,1,73,13.5,.546,.487,.128,3.3,12.3,8.0,37.0,0.7,0.0,19.5,31.1,0.0,0.0,0.0,-0.004,-0.2,-3.2,-3.4,0.0,,garlada01
261,Jericho Sims,27,MIL,C,49,9,861,11.8,.822,.000,.271,11.1,20.6,15.9,8.4,0.6,1.5,28.6,8.6,1.4,0.6,2.0,.109,-2.6,-0.7,-3.3,-0.3,,simsje01
262,GG Jackson II,21,MEM,PF,42,16,844,15.5,.599,.393,.286,4.5,18.6,11.5,9.9,1.6,3.7,13.1,21.4,0.4,1.0,1.4,.078,-0.4,-0.4,-0.8,0.3,,jacksgg01
263,Luka Garza,27,BOS,C,54,4,835,19.8,.677,.349,.369,16.4,11.5,13.9,8.6,1.2,2.9,10.2,16.7,3.0,1.0,3.9,.227,2.1,0.2,2.3,0.9,,garzalu01
264,Mike Conley,38,MIN,PG,46,9,831,8.9,.494,.757,.260,2.0,8.4,5.3,19.1,1.5,1.3,12.0,11.4,0.7,0.8,1.5,.085,-2.5,0.7,-1.8,0.0,,conlemi01
265,Derrick Jones Jr.,28,LAC,SF,31,26,824,14.2,.624,.431,.272,4.7,7.7,6.2,6.9,1.6,3.7,8.3,16.2,1.3,0.6,1.9,.110,0.1,-0.1,0.0,0.4,,jonesde02
266,Paul George,35,PHI,PF,27,27,824,15.6,.556,.489,.215,1.8,17.1,9.3,18.2,2.4,1.5,10.2,22.2,0.7,0.9,1.7,.097,0.5,0.3,0.9,0.6,,georgpa01
267,Vince Williams Jr.,25,2TM,PG,40,12,820,10.8,.478,.606,.171,5.1,15.3,10.2,27.3,1.7,1.8,18.2,19.4,-0.3,0.7,0.4,.022,-1.5,0.6,-1.0,0.2,,willivi01
267,Vince Williams Jr.,25,MEM,PG,34,12,736,10.9,.478,.602,.174,5.0,15.0,10.0,27.5,1.7,1.8,18.1,19.6,-0.3,0.7,0.4,.025,-1.5,0.7,-0.8,0.2,,willivi01
267,Vince Williams Jr.,25,UTA,SG,6,0,84,9.9,.470,.643,.143,6.4,18.5,12.3,25.5,1.1,2.3,19.0,18.1,0.0,0.0,0.0,-0.010,-1.9,-0.5,-2.3,0.0,,willivi01
268,Caleb Martin,30,DAL,SF,55,12,819,9.5,.529,.291,.318,3.4,14.1,8.9,12.5,2.3,1.3,15.3,12.4,0.0,1.0,1.0,.058,-4.1,1.9,-2.2,0.0,,martica02
269,Bones Hyland,25,MIN,PG,55,3,816,14.5,.587,.619,.165,2.7,9.8,6.3,23.8,1.8,1.2,12.4,19.6,1.3,0.9,2.1,.126,0.4,0.3,0.7,0.6,,hylanbo01
270,Jordan Poole,26,NOP,PG,33,6,808,12.0,.538,.647,.262,1.1,8.3,4.6,18.0,1.2,1.4,12.2,25.0,0.2,0.2,0.3,.020,-0.5,-2.5,-3.0,-0.2,,poolejo01
271,Cam Thomas,24,2TM,SG,37,8,808,13.2,.534,.370,.356,1.5,8.2,4.8,21.1,0.4,0.4,11.6,30.7,-0.2,0.0,-0.2,-0.010,-0.6,-4.1,-4.7,-0.5,,thomaca02
271,Cam Thomas,24,BRK,SG,24,8,582,12.4,.527,.380,.351,1.7,7.1,4.3,22.2,0.3,0.3,11.9,30.2,-0.2,0.0,-0.2,-0.016,-0.7,-4.3,-5.1,-0.4,,thomaca02
271,Cam Thomas,24,MIL,SG,13,0,226,15.2,.551,.344,.368,1.0,10.8,5.9,18.2,0.4,0.4,11.0,31.9,0.0,0.0,0.0,.005,-0.3,-3.4,-3.8,-0.1,,thomaca02
272,Nae'Qwan Tomlin,25,CLE,PF,50,2,804,13.0,.532,.362,.206,9.2,10.8,10.0,7.0,2.1,3.4,6.3,15.6,0.9,1.0,1.8,.110,-2.3,0.5,-1.8,0.0,,tomlina01
273,Pat Spencer,29,GSW,PG,47,12,799,12.4,.521,.365,.151,4.7,9.6,7.1,28.5,2.1,0.3,16.2,18.3,0.5,0.7,1.2,.074,-1.6,0.0,-1.5,0.1,,spencpa01
274,Alex Caruso,31,OKC,SG,43,0,794,13.2,.544,.595,.169,3.3,12.0,7.8,14.3,3.6,1.7,13.0,15.9,0.3,1.7,2.0,.124,-1.2,3.3,2.1,0.8,,carusal01
275,Ochai Agbaji,25,2TM,SG,52,13,794,8.2,.512,.425,.145,5.4,11.2,8.2,6.9,1.2,1.9,9.9,13.7,0.0,0.7,0.8,.047,-3.9,-0.3,-4.3,-0.5,,agbajoc01
275,Ochai Agbaji,25,TOR,SG,42,13,650,7.5,.495,.382,.171,5.6,10.9,8.2,6.1,1.3,1.6,9.4,13.3,0.0,0.7,0.7,.048,-4.8,-0.1,-4.9,-0.5,,agbajoc01
275,Ochai Agbaji,25,BRK,SG,10,0,144,11.3,.579,.591,.045,4.6,12.7,8.5,10.8,0.7,3.2,11.8,15.4,0.1,0.1,0.1,.042,0.1,-1.5,-1.4,0.0,,agbajoc01
276,Keegan Murray,25,SAC,PF,23,22,793,11.7,.499,.373,.163,4.5,14.4,9.3,6.9,1.5,4.1,7.7,18.6,-0.2,0.4,0.2,.010,-2.1,-1.1,-3.2,-0.3,,murrake02
277,T.J. McConnell,33,IND,PG,47,1,792,20.1,.558,.110,.057,2.5,11.8,7.0,48.2,3.0,0.9,12.7,24.0,1.1,0.7,1.9,.113,1.6,0.5,2.1,0.8,,mccontj01
278,Nikola Jović,22,MIA,PF,45,1,791,9.8,.485,.531,.331,3.2,16.4,9.8,16.5,1.5,1.9,15.7,21.2,-0.8,1.1,0.2,.015,-3.2,0.2,-3.0,-0.2,,jovicni01
279,Ryan Nembhard,22,DAL,PG,43,17,782,10.6,.505,.358,.071,1.1,9.2,5.3,35.9,0.8,0.1,18.3,18.2,0.0,0.5,0.4,.027,-2.3,-1.8,-4.1,-0.4,,nembhry01
280,Taylor Hendricks,22,2TM,PF,45,8,778,11.6,.577,.500,.224,6.5,15.3,10.8,7.5,1.6,2.0,11.8,15.4,0.4,0.4,0.8,.052,-1.5,-1.5,-3.0,-0.2,,hendrta01
280,Taylor Hendricks,22,UTA,PF,33,6,492,10.3,.574,.547,.250,6.3,15.8,11.0,6.5,1.2,1.6,12.3,13.6,0.3,0.1,0.4,.036,-1.7,-1.8,-3.5,-0.2,,hendrta01
280,Taylor Hendricks,22,MEM,PF,12,2,286,13.9,.581,.442,.192,6.8,14.3,10.6,9.1,2.2,2.6,11.0,18.4,0.2,0.3,0.5,.080,-1.1,-1.1,-2.2,0.0,,hendrta01
281,Buddy Hield,33,2TM,SG,45,3,773,12.4,.560,.651,.113,3.6,11.8,7.7,12.5,2.3,1.1,12.0,19.7,0.2,0.9,1.0,.063,-1.1,0.0,-1.1,0.2,,hieldbu01
281,Buddy Hield,33,GSW,SG,44,3,768,12.6,.562,.650,.113,3.7,11.9,7.7,12.6,2.3,1.1,11.8,19.7,0.2,0.9,1.1,.066,-1.0,0.1,-1.0,0.2,,hieldbu01
281,Buddy Hield,33,ATL,SG,1,0,5,-16.5,.000,1.000,.000,0.0,0.0,0.0,0.0,0.0,0.0,50.0,16.7,0.0,0.0,0.0,-0.469,-17.4,-8.7,-26.1,0.0,,hieldbu01
282,Gary Payton II,33,GSW,SG,56,1,769,15.8,.590,.355,.058,10.0,16.2,13.1,17.7,2.5,2.0,15.5,18.4,0.8,1.1,1.8,.113,-0.5,1.2,0.6,0.5,,paytoga02
283,De'Anthony Melton,27,GSW,PG,34,10,768,13.8,.523,.467,.237,3.0,11.4,7.1,16.0,3.4,1.7,12.1,26.0,-0.4,1.1,0.7,.045,-2.9,0.5,-2.5,-0.1,,meltode01
284,Jalen Williams,24,OKC,SG,26,26,755,18.8,.555,.175,.279,2.5,14.3,8.7,28.7,2.1,1.2,10.9,26.4,0.9,1.4,2.4,.150,1.0,1.0,2.0,0.8,,willija06
285,Robert Williams,28,POR,C,45,1,753,23.3,.758,.102,.226,13.9,29.4,21.5,9.8,2.0,8.0,15.7,13.0,2.0,1.4,3.4,.218,2.8,2.5,5.3,1.4,,williro04
286,Rayan Rupert,21,2TM,SG,54,1,743,6.8,.470,.467,.133,4.4,13.1,8.7,7.1,2.5,0.5,13.8,13.1,-0.4,0.7,0.3,.019,-5.5,0.4,-5.1,-0.6,,ruperra01
286,Rayan Rupert,21,POR,SG,48,0,577,5.8,.447,.483,.095,4.2,12.0,8.0,7.8,2.4,0.3,15.5,12.7,-0.5,0.5,0.0,.004,-5.8,0.6,-5.2,-0.5,,ruperra01
286,Rayan Rupert,21,MEM,SG,6,1,166,10.2,.535,.417,.250,5.2,16.9,11.1,4.9,2.9,1.1,8.6,14.6,0.0,0.2,0.3,.072,-4.7,-0.1,-4.8,-0.1,,ruperra01
287,Tyrese Martin,26,2TM,SG,41,6,741,10.6,.505,.601,.097,4.9,12.7,8.6,15.8,1.5,0.6,11.7,18.6,-0.1,0.3,0.2,.012,-1.6,-1.6,-3.3,-0.2,,martity01
287,Tyrese Martin,26,BRK,SG,37,6,696,10.9,.507,.596,.102,5.1,13.0,8.8,15.5,1.6,0.5,11.0,18.7,-0.1,0.3,0.2,.016,-1.4,-1.6,-3.0,-0.2,,martity01
287,Tyrese Martin,26,PHI,SG,4,0,45,5.4,.462,.692,.000,2.4,7.5,4.9,21.1,0.0,2.1,23.5,16.0,-0.1,0.0,-0.1,-0.054,-4.7,-2.4,-7.1,-0.1,,martity01
288,Jakob Poeltl,30,TOR,C,29,27,737,17.2,.705,.000,.350,11.4,21.8,16.5,11.7,1.7,2.5,16.7,14.2,1.5,1.1,2.7,.173,-0.1,1.5,1.4,0.6,,poeltja01
289,Steven Adams,32,HOU,C,32,11,730,15.9,.535,.000,.583,22.4,19.6,20.9,8.4,1.5,2.5,16.7,12.1,1.1,1.0,2.1,.140,-0.1,-0.4,-0.6,0.3,,adamsst01
290,Lonzo Ball,28,CLE,PG,35,3,728,9.5,.432,.835,.119,3.9,17.2,10.5,22.8,3.0,1.2,21.9,13.6,-0.4,1.1,0.7,.045,-2.9,1.8,-1.1,0.2,,balllo01
291,Jaylen Clark,24,MIN,SG,56,0,727,9.4,.510,.420,.335,7.2,8.0,7.6,5.4,2.6,1.0,8.6,12.8,0.3,0.9,1.2,.079,-3.8,0.8,-3.0,-0.2,,clarkja02
292,Goga Bitadze,26,ORL,C,47,2,726,20.9,.715,.067,.406,14.5,21.3,17.9,11.2,2.0,6.3,11.4,12.8,2.2,1.3,3.5,.234,1.2,2.4,3.6,1.0,,bitadgo01
293,Karlo Matković,24,NOP,PF,52,2,725,17.1,.714,.375,.174,8.5,18.9,13.6,8.7,1.3,6.1,12.8,13.0,1.6,0.7,2.2,.148,0.5,0.5,0.9,0.5,,matkoka01
294,Jonas Valančiūnas,33,DEN,C,52,5,722,20.9,.626,.061,.352,13.3,27.2,20.5,13.6,1.0,3.9,14.8,25.4,1.3,0.9,2.2,.148,-0.1,-0.6,-0.7,0.2,,valanjo01
295,Jalen Pickett,26,DEN,SG,42,18,722,10.6,.539,.550,.064,3.0,13.2,8.3,18.7,0.9,0.5,12.3,14.3,0.6,0.4,0.9,.061,-1.0,-1.1,-2.1,0.0,,pickeja02
296,John Konchar,29,2TM,SG,42,4,714,11.5,.529,.583,.174,5.7,14.9,10.3,11.1,3.7,3.2,15.7,8.5,0.3,0.9,1.3,.086,-2.3,3.1,0.8,0.5,,konchjo01
296,John Konchar,29,MEM,SG,30,1,435,12.9,.619,.549,.183,5.0,17.9,11.4,11.8,3.4,2.8,15.4,8.7,0.4,0.7,1.1,.122,-1.2,3.6,2.5,0.5,,konchjo01
296,John Konchar,29,UTA,SG,12,3,279,9.3,.382,.636,.159,6.9,10.3,8.6,10.1,4.2,3.9,16.0,8.3,-0.1,0.3,0.2,.029,-4.1,2.2,-1.8,0.0,,konchjo01
297,Isaiah Jackson,24,2TM,C,44,14,709,16.0,.621,.005,.452,13.9,22.2,17.9,7.3,2.0,4.2,17.1,16.1,0.8,0.9,1.7,.117,-2.7,0.5,-2.2,0.0,,jacksis01
297,Isaiah Jackson,24,IND,C,38,14,638,15.3,.615,.006,.448,14.1,22.0,17.9,7.1,1.9,3.9,17.9,15.9,0.7,0.8,1.4,.109,-3.0,0.3,-2.8,-0.1,,jacksis01
297,Isaiah Jackson,24,LAC,C,6,0,71,22.1,.669,.000,.476,11.9,23.8,18.0,9.2,2.8,6.7,10.6,17.8,0.2,0.1,0.3,.198,0.7,2.4,3.1,0.1,,jacksis01
298,Guerschon Yabusele,30,2TM,C,54,11,704,10.7,.529,.633,.186,6.5,19.7,13.1,9.1,1.1,1.5,11.2,16.2,0.2,0.7,1.0,.066,-1.8,-0.5,-2.3,0.0,,yabusgu01
298,Guerschon Yabusele,30,NYK,C,41,0,366,8.6,.499,.636,.112,7.2,19.2,13.1,6.4,0.8,1.4,11.8,14.8,0.0,0.4,0.4,.056,-3.1,-0.6,-3.7,-0.2,,yabusgu01
298,Guerschon Yabusele,30,CHI,C,13,11,338,13.1,.556,.632,.254,5.8,20.2,13.1,12.1,1.4,1.5,10.6,17.7,0.2,0.3,0.5,.076,-0.3,-0.4,-0.7,0.1,,yabusgu01
299,Micah Peavy,24,NOP,SG,50,1,703,8.1,.439,.400,.076,5.8,8.6,7.2,8.9,2.1,0.8,5.7,14.6,-0.2,0.3,0.1,.010,-4.5,-1.1,-5.6,-0.6,,peavymi01
300,Kenrich Williams,31,OKC,PF,44,2,697,14.5,.599,.454,.179,7.0,15.2,11.3,12.2,1.7,0.7,12.1,17.4,0.9,1.2,2.1,.143,0.5,0.5,1.0,0.5,,willike04
301,Clint Capela,31,HOU,C,57,1,689,17.7,.527,.000,.298,18.8,22.0,20.4,6.6,2.0,6.1,12.2,13.5,0.9,1.3,2.2,.153,-0.4,0.7,0.3,0.4,,capelca01
302,Josh Green,25,CHO,SG,41,0,683,11.1,.670,.734,.182,5.9,7.6,6.8,7.8,1.8,0.7,13.9,11.1,1.1,0.6,1.6,.113,-0.7,0.7,0.0,0.3,,greenjo02
303,Dwight Powell,34,DAL,C,48,8,674,12.0,.693,.040,1.093,10.9,17.3,14.2,8.3,1.6,2.1,21.3,8.8,1.1,0.8,1.9,.134,-3.1,1.5,-1.6,0.1,,poweldw01
304,Jaden Ivey,23,2TM,SG,37,5,670,13.1,.571,.523,.184,4.0,10.9,7.4,14.2,1.6,2.0,12.9,19.6,0.5,0.8,1.3,.096,-0.2,0.1,-0.1,0.3,,iveyja01
304,Jaden Ivey,23,DET,SG,33,2,555,12.8,.570,.514,.173,3.8,10.5,7.2,13.2,1.3,2.2,12.9,20.2,0.4,0.7,1.1,.092,-0.1,0.0,-0.1,0.3,,iveyja01
304,Jaden Ivey,23,CHI,SG,4,3,115,15.0,.576,.583,.250,4.7,12.8,8.8,18.8,3.3,1.5,13.1,16.8,0.1,0.1,0.3,.113,-0.8,0.7,-0.1,0.1,,iveyja01
305,Aaron Gordon,30,DEN,PF,24,21,663,19.9,.622,.386,.396,5.7,18.5,12.4,13.8,1.2,0.6,6.8,23.2,1.7,0.5,2.2,.162,3.5,-1.2,2.2,0.7,,gordoaa01
306,Jabari Walker,23,PHI,PF,53,6,661,11.9,.545,.462,.321,10.0,18.7,14.3,5.6,1.5,1.7,9.5,14.8,0.7,0.7,1.3,.096,-2.4,-0.7,-3.1,-0.2,,walkeja01
307,Tyler Kolek,24,NYK,PG,53,1,657,11.6,.515,.452,.079,2.5,12.9,7.6,31.4,1.4,0.5,18.3,18.7,0.3,0.7,1.0,.074,-1.4,0.1,-1.3,0.1,,kolekty01
308,Trendon Watford,25,PHI,PF,40,6,656,13.0,.572,.180,.258,4.9,17.7,11.2,22.1,0.8,2.0,16.3,16.6,0.6,0.5,1.2,.086,-1.8,0.1,-1.6,0.1,,watfotr01
309,Justin Edwards,22,PHI,SF,46,5,650,9.7,.542,.632,.121,3.2,8.1,5.6,10.9,2.3,1.2,11.1,14.7,0.3,0.5,0.8,.061,-2.9,0.2,-2.7,-0.1,,edwarju01
310,Kasparas Jakučionis,19,MIA,PG,38,9,650,11.0,.599,.637,.232,4.9,10.7,7.8,17.3,1.8,0.3,17.8,14.0,0.7,0.7,1.4,.104,-1.7,0.9,-0.8,0.2,,jakucka01
311,Julian Strawther,23,DEN,SG,41,12,647,11.8,.576,.476,.262,1.8,12.6,7.4,9.5,1.5,0.6,9.9,19.1,0.4,0.4,0.8,.059,-2.0,-1.1,-3.0,-0.2,,strawju01
312,Gabe Vincent,29,2TM,PG,36,7,647,5.8,.493,.799,.075,2.0,4.0,3.0,10.0,1.3,0.3,8.4,12.0,0.1,0.3,0.3,.024,-4.1,-0.9,-4.9,-0.5,,vincega01
312,Gabe Vincent,29,LAL,PG,29,7,559,5.5,.512,.792,.085,1.5,4.1,2.8,8.4,1.2,0.2,8.2,11.5,0.1,0.2,0.3,.025,-3.9,-1.0,-5.0,-0.4,,vincega01
312,Gabe Vincent,29,ATL,PG,7,0,88,7.4,.408,.828,.034,4.8,3.7,4.3,20.0,2.1,1.0,9.2,15.4,0.0,0.1,0.0,.019,-4.9,0.0,-4.8,-0.1,,vincega01
313,Johnny Furphy,21,IND,SG,35,21,643,9.3,.547,.477,.235,5.2,21.2,12.9,8.8,1.5,0.9,15.0,12.7,0.0,0.5,0.5,.038,-3.9,0.1,-3.8,-0.3,,furphjo01
314,Anthony Davis,32,DAL,PF,20,20,626,21.8,.551,.111,.243,10.7,26.2,18.7,15.1,1.7,4.4,10.0,27.6,0.4,1.0,1.5,.112,1.6,0.9,2.5,0.7,,davisan02
315,Tre Mann,24,CHO,PG,43,1,624,8.4,.462,.520,.090,3.7,12.2,8.0,19.1,1.7,0.7,14.7,23.0,-0.7,0.6,-0.1,-0.006,-4.2,-1.0,-5.2,-0.5,,manntr01
316,Olivier-Maxence Prosper,23,MEM,PF,38,9,624,15.6,.659,.407,.327,6.6,14.4,10.5,8.5,1.5,1.3,11.6,17.1,1.1,0.5,1.6,.124,0.4,-1.1,-0.7,0.2,,prospol01
317,Dylan Cardwell,24,SAC,C,29,1,616,15.6,.602,.009,.357,15.9,24.7,20.1,7.8,1.7,6.9,15.6,10.6,0.9,0.7,1.6,.124,-2.7,1.0,-1.8,0.0,,cardwdy01
318,Tyler Herro,26,MIA,SG,20,15,612,19.2,.620,.392,.222,1.8,13.4,7.6,18.8,1.2,1.0,9.7,26.1,1.1,0.7,1.8,.142,3.8,0.1,3.8,0.9,,herroty01
319,Micah Potter,27,IND,C,31,3,611,16.1,.669,.614,.344,6.0,20.1,12.8,11.5,1.2,1.6,11.8,17.1,1.2,0.5,1.7,.133,1.0,-0.7,0.3,0.4,,pottemi01
320,Paul Reed,26,DET,C,46,8,610,23.2,.634,.136,.290,17.3,20.3,18.8,12.7,3.3,6.0,14.4,19.7,1.4,1.4,2.8,.221,1.8,2.7,4.6,1.0,,reedpa01
321,Noah Penda,21,ORL,SF,44,2,607,12.9,.526,.427,.269,11.2,18.8,15.0,11.5,1.9,2.5,15.1,15.8,0.3,0.9,1.1,.090,-1.4,0.4,-0.9,0.2,,pendano01
322,Jaden Hardy,23,2TM,SG,43,4,602,10.6,.543,.591,.203,2.3,9.2,5.8,9.2,0.9,0.4,11.2,24.9,-0.3,0.2,-0.1,-0.007,-2.2,-2.7,-4.9,-0.4,,hardyja02
322,Jaden Hardy,23,DAL,SG,34,4,428,10.8,.551,.639,.206,2.8,8.7,5.8,10.0,1.0,0.4,11.3,23.4,-0.1,0.3,0.2,.019,-1.9,-1.8,-3.8,-0.2,,hardyja02
322,Jaden Hardy,23,WAS,SG,9,0,174,10.0,.527,.495,.196,1.2,10.5,5.8,7.3,0.5,0.5,11.0,28.4,-0.2,0.0,-0.3,-0.069,-2.8,-4.9,-7.6,-0.2,,hardyja02
323,Jamir Watkins,24,WAS,SG,32,4,598,10.4,.545,.532,.222,5.1,14.8,9.8,6.8,2.1,2.4,8.9,13.3,0.3,0.3,0.6,.048,-3.9,-0.6,-4.5,-0.4,,watkija01
324,Quenton Jackson,27,IND,PG,34,10,591,14.6,.607,.402,.407,3.5,10.5,6.9,19.0,1.5,0.9,13.1,20.3,0.8,0.3,1.1,.088,-0.7,-0.6,-1.3,0.1,,jacksqu01
325,Gary Harris,31,MIL,SG,42,2,582,7.7,.598,.651,.108,2.5,8.2,5.4,9.6,1.9,1.2,15.5,7.8,0.4,0.3,0.7,.058,-3.3,0.9,-2.5,-0.1,,harriga01
326,Josh Minott,23,2TM,PF,38,10,581,15.0,.636,.573,.180,8.0,15.5,11.8,8.4,2.4,2.2,12.9,13.9,1.0,0.9,1.9,.154,0.5,1.1,1.6,0.5,,minotjo01
326,Josh Minott,23,BOS,PF,33,10,526,15.7,.651,.566,.191,8.4,16.0,12.2,8.4,2.3,2.3,11.9,13.8,1.1,0.8,1.9,.173,0.9,1.3,2.2,0.6,,minotjo01
326,Josh Minott,23,BRK,SF,5,0,55,8.2,.485,.643,.071,4.0,11.1,7.4,8.1,3.6,1.7,21.7,14.6,-0.1,0.1,0.0,-0.035,-3.5,-0.5,-4.0,0.0,,minotjo01
327,Ousmane Dieng,22,2TM,C,40,5,579,10.8,.533,.560,.084,2.9,14.1,8.7,14.0,0.9,2.2,10.4,16.7,0.2,0.6,0.8,.067,-1.3,-0.1,-1.4,0.1,,diengou01
327,Ousmane Dieng,22,OKC,C,27,0,295,10.1,.534,.538,.066,3.1,12.0,7.7,12.6,0.3,2.3,7.9,14.9,0.2,0.4,0.6,.098,-1.5,0.1,-1.5,0.0,,diengou01
327,Ousmane Dieng,22,MIL,C,13,5,284,11.5,.532,.580,.100,2.8,16.4,9.7,15.4,1.6,2.1,12.6,18.6,0.0,0.2,0.2,.035,-1.2,-0.3,-1.4,0.0,,diengou01
328,Kevin Love,37,UTA,PF,34,5,573,14.3,.556,.708,.211,9.5,28.3,18.7,14.9,1.0,1.6,12.2,16.6,0.7,0.3,1.0,.082,0.6,-0.9,-0.3,0.2,,loveke01
329,Tidjane Salaün,20,CHO,PF,36,0,571,13.1,.632,.525,.253,5.2,23.8,14.7,6.7,1.4,1.1,12.5,14.8,0.7,0.7,1.4,.115,-0.9,0.3,-0.7,0.2,,salauti01
330,Ja Morant,26,MEM,PG,20,20,569,16.7,.521,.264,.363,1.5,10.8,6.2,44.5,1.7,1.0,16.0,32.4,0.1,0.4,0.5,.041,0.5,-1.9,-1.5,0.1,,moranja01
331,Domantas Sabonis,29,SAC,C,19,15,564,19.3,.590,.122,.348,12.2,31.0,21.3,21.5,1.5,0.6,16.7,23.0,0.7,0.4,1.1,.095,0.7,-0.2,0.5,0.4,,sabondo01
332,Kobe Brown,26,2TM,PF,45,1,564,11.4,.552,.488,.250,8.5,13.8,11.1,10.3,1.2,1.1,13.6,15.8,0.3,0.4,0.7,.058,-1.8,-1.7,-3.5,-0.2,,brownko01
332,Kobe Brown,26,LAC,PF,34,0,295,11.3,.524,.583,.310,7.3,13.4,10.5,12.8,1.5,0.6,13.6,16.6,0.1,0.2,0.3,.056,-1.2,-1.1,-2.3,0.0,,brownko01
332,Kobe Brown,26,IND,PF,11,1,269,11.5,.584,.382,.184,9.7,14.2,11.9,7.4,0.9,1.6,13.7,14.9,0.2,0.1,0.3,.061,-2.4,-2.3,-4.8,-0.2,,brownko01
333,Zeke Nnaji,25,DEN,PF,45,3,560,11.0,.573,.348,.311,6.3,18.0,12.4,5.6,1.3,3.5,13.5,13.8,0.3,0.5,0.8,.072,-3.1,-0.2,-3.3,-0.2,,nnajize01
334,Jonathan Kuminga,23,2TM,PF,23,14,556,14.9,.580,.276,.391,6.8,20.9,13.8,16.3,1.1,1.1,17.0,24.1,0.1,0.6,0.7,.063,-1.1,-0.5,-1.7,0.0,,kuminjo01
334,Jonathan Kuminga,23,GSW,PF,20,13,476,12.5,.543,.273,.340,6.6,20.5,13.5,15.7,0.8,1.2,17.1,23.9,-0.2,0.5,0.3,.028,-2.4,-1.1,-3.6,-0.2,,kuminjo01
334,Jonathan Kuminga,23,ATL,PF,3,1,80,29.4,.787,.290,.710,8.0,23.1,15.5,19.7,2.9,1.1,16.4,25.4,0.3,0.1,0.5,.273,6.6,3.0,9.7,0.2,,kuminjo01
335,Jalen Wilson,25,BRK,PF,41,0,554,7.8,.528,.630,.277,1.6,11.7,6.4,6.2,1.4,0.3,9.8,16.9,-0.1,0.2,0.1,.006,-3.8,-1.9,-5.7,-0.5,,wilsoja03
336,Rob Dillingham,21,2TM,PG,47,0,553,6.6,.415,.262,.151,2.4,12.5,7.6,23.0,2.7,0.5,19.5,22.7,-1.4,0.6,-0.8,-0.069,-7.4,-0.2,-7.7,-0.8,,dilliro01
336,Rob Dillingham,21,MIN,PG,35,0,326,6.1,.404,.234,.142,1.7,11.9,6.9,24.0,2.8,0.8,19.4,24.0,-1.0,0.4,-0.5,-0.076,-7.9,-0.3,-8.2,-0.5,,dilliro01
336,Rob Dillingham,21,CHI,PG,12,0,227,7.2,.433,.310,.167,3.3,13.4,8.5,21.6,2.7,0.0,19.6,20.8,-0.5,0.2,-0.3,-0.059,-6.8,-0.1,-6.9,-0.3,,dilliro01
337,Aaron Holiday,29,HOU,PG,41,1,539,10.1,.566,.651,.199,1.3,6.3,3.8,9.3,1.7,0.7,10.6,17.7,0.5,0.5,1.0,.089,-2.5,-0.3,-2.8,-0.1,,holidaa01
338,Carter Bryant,20,SAS,PF,53,0,531,8.8,.491,.592,.134,5.2,18.7,12.1,5.4,1.0,2.3,9.5,16.7,-0.2,0.8,0.6,.050,-3.6,-0.4,-4.0,-0.3,,bryanca01
339,Cole Anthony,25,MIL,PG,35,0,527,10.8,.483,.312,.113,3.4,14.9,9.2,34.5,1.9,2.1,21.1,25.8,-0.9,0.5,-0.4,-0.037,-3.8,-0.9,-4.8,-0.4,,anthoco01
340,Drew Eubanks,28,SAC,C,40,11,523,13.8,.609,.047,.353,7.8,17.4,12.4,4.5,1.3,4.2,13.9,16.3,0.3,0.3,0.6,.054,-2.9,-1.0,-3.8,-0.2,,eubandr01
341,Nick Richards,28,2TM,C,40,2,523,12.2,.562,.062,.559,13.0,26.0,19.5,3.2,0.9,4.5,21.7,18.6,-0.3,0.7,0.4,.041,-5.3,-1.1,-6.3,-0.6,,richani01
341,Nick Richards,28,PHO,C,28,2,254,11.5,.534,.000,.394,14.7,25.1,19.7,4.5,0.8,5.3,23.1,18.1,-0.2,0.4,0.2,.039,-6.0,-0.8,-6.9,-0.3,,richani01
341,Nick Richards,28,CHI,C,12,0,269,12.8,.586,.122,.716,11.3,27.0,19.3,2.0,1.1,3.9,20.4,19.2,-0.1,0.3,0.2,.042,-4.6,-1.3,-5.8,-0.3,,richani01
342,Jonathan Isaac,28,ORL,PF,51,0,519,11.7,.502,.352,.537,8.9,19.2,14.0,5.6,1.9,5.3,11.9,12.4,0.1,0.9,1.0,.090,-2.8,1.4,-1.4,0.1,,isaacjo01
343,Kyle Anderson,32,3TM,SF,26,3,519,14.1,.604,.045,.364,4.5,13.2,8.8,18.0,2.6,2.6,13.6,14.1,0.7,0.4,1.1,.098,-1.3,0.9,-0.5,0.2,,anderky01
343,Kyle Anderson,32,UTA,SF,20,0,401,14.3,.565,.046,.349,5.1,13.0,9.0,21.0,2.7,2.5,11.9,14.7,0.5,0.2,0.8,.090,-0.9,0.7,-0.3,0.2,,anderky01
343,Kyle Anderson,32,MEM,SF,4,3,89,15.1,.821,.053,.421,3.6,13.3,8.5,4.8,3.2,4.2,23.7,13.8,0.1,0.1,0.2,.117,-2.5,1.5,-1.0,0.0,,anderky01
343,Kyle Anderson,32,MIN,SF,2,0,29,8.1,.615,.000,.500,0.0,14.9,7.6,16.9,0.0,0.0,0.0,7.1,0.1,0.0,0.1,.140,-2.7,1.4,-1.3,0.0,,anderky01
344,Jordan Hawkins,23,NOP,SG,41,0,513,4.8,.420,.567,.100,2.9,10.3,6.5,6.9,0.7,1.3,10.9,17.1,-0.8,0.1,-0.7,-0.068,-4.7,-3.3,-8.0,-0.8,,hawkijo01
345,Jamaree Bouyea,26,PHO,PG,33,0,512,14.8,.553,.335,.173,3.1,10.9,6.9,17.6,2.4,2.6,9.8,17.7,0.6,0.6,1.2,.112,-0.4,1.4,1.1,0.4,,bouyeja01
346,Dalton Knecht,24,LAL,SF,47,1,507,9.5,.550,.580,.115,3.1,12.3,7.8,4.4,1.0,1.8,9.9,17.4,-0.1,0.3,0.3,.024,-2.6,-1.8,-4.3,-0.3,,knechda01
347,Jase Richardson,20,ORL,SG,44,0,507,10.7,.563,.436,.227,4.1,7.5,5.8,14.4,1.2,0.4,11.8,17.0,0.3,0.4,0.7,.070,-2.2,-1.1,-3.4,-0.2,,richaja02
348,Jett Howard,22,ORL,SF,42,0,503,11.3,.545,.598,.185,3.3,10.9,7.0,10.2,0.7,1.6,4.8,17.6,0.5,0.4,0.9,.089,-1.1,-0.9,-2.1,0.0,,howarje01
349,Thomas Bryant,28,CLE,C,46,0,498,17.0,.612,.519,.273,8.3,21.6,14.9,7.9,1.2,3.6,8.5,18.8,1.0,0.7,1.6,.158,0.4,-0.4,0.0,0.2,,bryanth01
350,Javon Small,23,MEM,PG,28,3,497,15.2,.572,.491,.313,4.3,12.6,8.5,27.3,1.8,1.5,13.9,18.0,0.8,0.4,1.2,.118,0.7,-0.4,0.3,0.3,,smallja01
351,D'Angelo Russell,29,DAL,PG,26,3,495,12.5,.511,.483,.259,1.8,11.1,6.5,31.3,1.1,0.3,15.9,26.1,-0.3,0.4,0.0,.003,-0.7,-1.6,-2.3,0.0,,russeda01
352,Jevon Carter,30,2TM,PG,34,0,494,10.5,.531,.739,.083,1.8,9.7,5.7,14.2,2.0,1.3,10.5,17.9,0.0,0.4,0.4,.042,-1.7,0.1,-1.6,0.0,,carteje01
352,Jevon Carter,30,CHI,PG,23,0,254,12.5,.577,.757,.097,2.1,8.7,5.5,10.5,2.4,0.7,9.3,19.6,0.1,0.2,0.3,.059,-0.6,-0.3,-0.9,0.1,,carteje01
352,Jevon Carter,30,ORL,PG,11,0,240,8.4,.467,.714,.065,1.4,10.7,6.0,18.2,1.6,1.9,12.2,16.0,-0.1,0.3,0.1,.024,-2.8,0.5,-2.3,0.0,,carteje01
353,Tristan Vukcevic,22,WAS,C,38,8,489,17.4,.584,.406,.366,5.1,18.0,11.5,14.3,1.6,4.9,14.5,26.0,0.2,0.3,0.5,.053,0.0,-0.7,-0.7,0.2,,vukcetr01
354,Dorian Finney-Smith,32,HOU,PF,28,0,481,4.9,.446,.762,.050,5.8,11.1,8.5,5.9,1.1,0.8,13.4,10.4,-0.1,0.4,0.3,.035,-4.9,-0.4,-5.3,-0.4,,finnedo01
355,Keaton Wallace,26,ATL,PG,45,2,473,10.6,.533,.593,.097,0.7,10.4,5.5,22.4,2.1,1.0,13.2,15.3,0.2,0.5,0.7,.067,-2.6,0.3,-2.4,-0.1,,wallake01
356,Ben Saraf,19,BRK,SG,27,5,457,5.7,.452,.406,.278,1.9,8.3,5.0,23.2,2.1,0.8,25.1,19.0,-1.0,0.2,-0.8,-0.082,-6.3,-1.8,-8.0,-0.7,,sarafbe01
357,Kristaps Porziņģis,30,2TM,C,19,12,453,19.7,.584,.410,.380,5.2,17.1,11.1,17.3,0.9,4.8,6.6,26.4,0.9,0.5,1.5,.154,2.1,0.8,2.8,0.6,,porzikr01
357,Kristaps Porziņģis,30,ATL,C,17,12,413,20.6,.592,.410,.386,5.4,17.4,11.3,16.7,1.0,4.8,6.1,26.4,1.0,0.5,1.5,.169,2.6,0.8,3.4,0.6,,porzikr01
357,Kristaps Porziņģis,30,GSW,C,2,0,40,10.9,.485,.421,.316,2.7,13.9,8.2,23.0,0.0,4.6,12.2,26.1,0.0,0.0,0.0,-0.008,-3.7,0.7,-3.0,0.0,,porzikr01
358,Anthony Gill,33,WAS,PF,36,1,449,12.8,.649,.248,.208,7.0,12.7,9.8,9.5,1.6,2.2,15.4,12.1,0.6,0.1,0.7,.072,-2.1,-1.3,-3.3,-0.2,,gillan01
359,Trayce Jackson-Davis,25,2TM,C,43,1,446,17.0,.597,.009,.564,14.4,18.0,16.2,10.8,1.6,4.3,12.2,14.8,0.8,0.6,1.4,.155,-0.4,0.5,0.1,0.2,,jackstr02
359,Trayce Jackson-Davis,25,GSW,C,36,1,411,16.0,.601,.010,.510,12.4,17.6,15.0,11.0,1.5,4.2,12.6,14.7,0.7,0.5,1.2,.143,-0.9,0.7,-0.3,0.2,,jackstr02
359,Trayce Jackson-Davis,25,TOR,C,7,0,35,28.4,.565,.000,1.250,37.9,22.8,30.5,7.5,2.8,5.6,7.5,16.4,0.1,0.1,0.2,.302,6.0,-1.3,4.7,0.1,,jackstr02
360,Asa Newell,20,ATL,PF,40,1,445,13.6,.628,.463,.168,8.9,10.8,9.8,6.3,1.6,2.6,11.6,17.0,0.5,0.4,0.9,.099,-1.4,-0.7,-2.0,0.0,,newelas01
361,Tyrese Proctor,21,CLE,PG,42,1,436,10.3,.530,.605,.164,1.5,9.3,5.4,17.2,1.9,0.0,12.5,20.8,0.1,0.4,0.4,.048,-3.1,-0.6,-3.7,-0.2,,proctty01
362,Grant Williams,27,CHO,PF,22,3,436,14.5,.629,.729,.314,7.9,15.7,11.9,13.2,1.0,1.5,11.2,14.6,1.0,0.4,1.4,.154,1.6,0.5,2.1,0.5,,willigr01
363,Mohamed Diawara,20,NYK,SF,54,6,435,11.5,.588,.646,.082,2.8,14.6,8.6,10.0,1.6,1.4,12.1,16.9,0.3,0.5,0.8,.093,-1.0,0.7,-0.3,0.2,,diawamo01
364,Moussa Cisse,23,DAL,C,34,1,425,14.8,.567,.000,.795,17.1,24.0,20.7,2.5,1.3,7.3,18.2,13.6,0.2,0.7,1.0,.110,-4.0,1.0,-3.0,-0.1,,cissemo01
365,Yanic Konan Niederhäuser,22,LAC,C,41,0,424,16.5,.691,.050,.620,10.5,21.2,16.1,4.2,0.6,6.7,15.3,15.7,0.8,0.5,1.3,.152,-2.5,0.3,-2.2,0.0,,konanya01
366,Tony Bradley,28,IND,C,38,3,416,13.1,.604,.019,.406,14.1,13.8,13.9,6.9,0.7,1.4,12.0,14.4,0.7,0.2,0.9,.103,-2.4,-1.7,-4.1,-0.2,,bradlto01
367,Amir Coffey,28,2TM,SG,40,2,415,10.3,.590,.446,.304,4.2,9.2,6.7,7.2,0.8,0.9,4.6,11.5,0.6,0.2,0.8,.089,-2.2,-1.1,-3.3,-0.1,,coffeam01
367,Amir Coffey,28,MIL,SG,30,2,265,8.4,.584,.455,.273,2.6,8.4,5.5,5.5,0.6,1.1,6.1,10.9,0.2,0.1,0.3,.053,-3.2,-2.0,-5.3,-0.2,,coffeam01
367,Amir Coffey,28,PHO,SG,10,0,150,13.5,.597,.432,.351,7.1,10.6,8.8,10.1,1.3,0.6,2.3,12.4,0.4,0.1,0.5,.153,-0.3,0.5,0.2,0.1,,coffeam01
368,Dalen Terry,23,2TM,SG,38,0,409,11.5,.519,.451,.186,5.0,12.9,9.0,15.2,2.9,2.3,15.3,14.9,0.0,0.5,0.5,.056,-2.6,1.1,-1.4,0.1,,terryda01
368,Dalen Terry,23,CHI,SG,34,0,377,11.7,.539,.451,.167,5.5,12.5,9.1,15.2,2.8,2.5,16.1,14.6,0.1,0.4,0.5,.061,-2.4,1.1,-1.3,0.1,,terryda01
368,Dalen Terry,23,PHI,SG,4,0,32,8.3,.353,.455,.364,0.0,17.6,8.6,15.9,4.5,0.0,7.3,18.2,-0.1,0.1,0.0,-0.009,-4.8,1.6,-3.1,0.0,,terryda01
369,Jeremy Sochan,22,2TM,PF,37,0,408,9.8,.526,.349,.165,7.3,14.8,11.1,10.6,1.7,1.3,14.6,14.2,0.1,0.6,0.7,.080,-3.6,0.8,-2.8,-0.1,,sochaje01
369,Jeremy Sochan,22,SAS,PF,28,0,358,9.8,.538,.354,.162,8.0,13.7,10.9,10.3,1.3,1.2,14.5,14.6,0.1,0.5,0.6,.082,-3.5,0.4,-3.1,-0.1,,sochaje01
369,Jeremy Sochan,22,NYK,PF,9,0,50,9.8,.414,.300,.200,2.2,22.3,12.1,12.4,3.9,2.0,15.5,11.0,0.0,0.1,0.1,.067,-4.2,3.9,-0.3,0.0,,sochaje01
370,Ariel Hukporti,23,NYK,C,46,4,404,11.2,.617,.068,.475,11.6,24.0,17.8,6.8,1.0,5.8,27.5,10.3,0.2,0.7,0.9,.107,-4.1,1.7,-2.4,0.0,,hukpoar01
371,Cam Christie,20,LAC,SG,43,0,404,9.0,.491,.388,.379,3.9,14.2,9.2,8.6,1.4,0.7,11.2,16.7,-0.1,0.3,0.2,.018,-3.4,-1.2,-4.6,-0.3,,chrisca02
372,Jamison Battle,24,TOR,SF,46,2,390,10.1,.634,.577,.087,4.8,14.9,9.8,5.9,0.6,0.5,12.2,13.5,0.3,0.4,0.7,.082,-1.9,-1.0,-2.9,-0.1,,battlja01
373,Bogdan Bogdanović,33,LAC,SG,18,3,389,8.3,.500,.609,.180,1.9,13.6,7.9,17.5,1.3,0.2,14.8,18.5,-0.2,0.3,0.1,.010,-2.9,-0.8,-3.7,-0.2,,bogdabo01
374,Maxi Kleber,34,LAL,PF,35,1,383,8.5,.545,.367,.367,8.5,11.9,10.2,7.2,1.7,2.4,15.7,9.4,0.2,0.3,0.6,.071,-3.8,0.4,-3.4,-0.1,,klebima01
375,Kam Jones,23,IND,SG,25,6,383,8.1,.493,.414,.081,2.2,7.6,4.8,21.3,1.2,0.0,14.9,13.3,0.0,0.1,0.1,.010,-4.2,-1.9,-6.1,-0.4,,joneska03
376,Ethan Thompson,26,IND,SG,23,5,379,7.4,.483,.624,.147,3.0,9.2,6.0,11.9,1.8,1.4,10.8,14.5,-0.2,0.2,0.1,.009,-4.3,0.1,-4.2,-0.2,,thompet01
377,Branden Carlson,26,OKC,C,35,2,376,15.9,.601,.455,.127,7.2,18.8,13.2,8.0,0.8,4.7,8.4,17.8,0.5,0.7,1.2,.154,-0.2,0.2,0.1,0.2,,carlsbr01
378,Devin Carter,23,SAC,PG,26,2,370,12.3,.462,.384,.318,6.1,13.7,9.8,20.7,2.7,1.2,13.6,22.8,-0.3,0.2,-0.1,-0.013,-3.1,-0.6,-3.7,-0.2,,cartede02
379,Jalen Green,23,PHO,SG,16,11,365,11.5,.465,.483,.169,2.0,13.7,7.7,15.8,2.6,0.3,11.5,33.3,-0.8,0.4,-0.3,-0.046,-2.8,-0.8,-3.6,-0.1,,greenja05
380,Daeqwon Plowden,27,SAC,SG,16,2,363,9.2,.520,.632,.179,5.6,8.9,7.2,7.1,0.8,1.0,5.8,14.2,0.2,0.0,0.2,.028,-3.1,-2.7,-5.8,-0.3,,plowdda01
381,Jeremiah Robinson-Earl,25,2TM,PF,22,3,361,9.5,.468,.410,.180,10.5,20.6,15.4,5.6,1.2,0.2,10.0,14.0,0.0,0.3,0.2,.032,-3.4,-1.8,-5.2,-0.3,,robinje02
381,Jeremiah Robinson-Earl,25,IND,PF,17,3,300,8.7,.443,.398,.169,11.1,21.0,15.9,5.4,1.1,0.3,10.1,14.0,-0.1,0.2,0.1,.017,-3.5,-1.9,-5.4,-0.3,,robinje02
381,Jeremiah Robinson-Earl,25,DAL,PF,5,0,61,13.1,.586,.471,.235,7.1,18.6,13.0,6.7,1.5,0.0,9.6,14.3,0.1,0.1,0.1,.105,-3.0,-1.1,-4.0,0.0,,robinje02
382,Cam Whitmore,21,WAS,SF,21,0,354,13.8,.528,.331,.183,5.6,11.9,8.7,6.6,2.0,2.0,9.0,23.7,-0.1,0.1,0.0,.004,-1.1,-2.2,-3.2,-0.1,,whitmca01
383,Julian Phillips,22,2TM,SF,40,2,354,10.0,.542,.537,.179,6.7,6.5,6.6,2.6,2.7,1.7,7.2,13.2,0.2,0.3,0.5,.064,-2.6,0.3,-2.4,0.0,,phillju01
383,Julian Phillips,22,CHI,SF,35,2,334,9.4,.533,.557,.125,7.1,6.9,7.0,2.8,2.4,1.6,7.0,12.6,0.1,0.3,0.4,.056,-2.8,0.0,-2.9,-0.1,,phillju01
383,Julian Phillips,22,MIN,SF,5,0,20,20.7,.622,.286,.857,0.0,0.0,0.0,0.0,7.2,4.4,9.4,22.4,0.0,0.0,0.1,.195,0.4,5.2,5.6,0.0,,phillju01
384,Pete Nance,25,MIL,PF,31,0,348,14.4,.711,.598,.000,4.2,15.9,10.1,8.0,1.3,1.4,12.1,14.7,0.5,0.2,0.8,.106,0.5,-0.8,-0.4,0.1,,nancepe01
385,Rasheer Fleming,21,PHO,PF,38,0,347,10.7,.518,.619,.127,10.2,11.5,10.8,3.7,1.3,1.9,9.4,16.8,0.1,0.3,0.4,.061,-2.4,-1.6,-3.9,-0.2,,flemira01
386,Sharife Cooper,24,WAS,PG,22,0,344,12.7,.594,.314,.256,3.0,11.3,7.1,23.0,1.0,0.5,18.2,20.0,0.2,0.0,0.2,.027,-2.0,-2.8,-4.8,-0.2,,coopesh01
387,Liam McNeeley,20,CHO,SF,28,0,342,9.4,.566,.659,.352,3.7,15.8,9.9,9.0,0.7,0.8,10.6,14.0,0.4,0.3,0.6,.088,-1.8,-0.3,-2.2,0.0,,mcneeli01
388,Larry Nance Jr.,33,CLE,PF,27,2,342,8.1,.458,.526,.053,7.3,15.4,11.4,9.6,2.1,1.1,11.0,13.4,0.0,0.4,0.4,.054,-4.6,0.7,-4.0,-0.2,,nancela02
389,Isaiah Livers,27,PHO,PF,32,0,331,8.2,.490,.639,.197,6.1,14.1,10.0,8.2,1.8,2.3,15.3,10.0,0.1,0.4,0.4,.064,-3.3,1.1,-2.2,0.0,,liveris01
390,AJ Johnson,21,2TM,SG,36,0,324,4.4,.397,.350,.183,2.9,11.1,7.0,13.3,1.2,0.0,15.1,19.7,-0.8,0.1,-0.7,-0.110,-6.7,-2.7,-9.5,-0.6,,johnsaj01
390,AJ Johnson,21,WAS,SG,25,0,214,4.4,.396,.301,.145,3.9,11.6,7.7,14.0,1.6,0.0,16.9,20.7,-0.6,0.0,-0.6,-0.131,-7.2,-3.4,-10.6,-0.5,,johnsaj01
390,AJ Johnson,21,DAL,SG,11,0,110,4.4,.399,.459,.270,1.0,10.3,5.8,11.9,0.4,0.0,10.8,17.7,-0.2,0.1,-0.2,-0.068,-5.9,-1.4,-7.3,-0.1,,johnsaj01
391,Kelly Olynyk,34,SAS,C,36,0,322,12.4,.584,.483,.345,7.2,14.0,10.7,16.8,1.9,0.5,18.0,16.0,0.3,0.5,0.8,.112,-1.8,0.9,-1.0,0.1,,olynyke01
392,Terrence Shannon Jr.,25,MIN,SG,27,0,322,6.0,.526,.461,.348,2.1,7.4,4.8,6.0,1.2,0.3,14.2,15.7,-0.1,0.2,0.1,.018,-5.6,-1.1,-6.7,-0.4,,shannte01
393,Nick Smith Jr.,21,LAL,SG,25,1,318,9.2,.530,.519,.083,0.8,6.4,3.7,12.7,1.4,0.6,12.1,21.5,-0.2,0.1,0.0,-0.006,-2.8,-2.4,-5.2,-0.3,,smithni01
394,Trae Young,27,2TM,PG,12,12,317,20.6,.590,.460,.580,0.7,6.5,3.6,47.0,1.8,0.3,14.9,29.1,0.8,0.2,1.0,.157,4.0,-1.9,2.1,0.3,,youngtr01
394,Trae Young,27,ATL,PG,10,10,280,19.9,.577,.437,.541,0.0,5.8,2.9,45.5,1.7,0.3,13.5,28.7,0.7,0.2,0.9,.154,3.4,-1.9,1.5,0.3,,youngtr01
394,Trae Young,27,WAS,PG,2,2,37,26.2,.685,.667,.933,5.7,11.6,8.6,58.7,2.6,0.0,24.9,31.8,0.1,0.0,0.1,.184,7.9,-1.6,6.3,0.1,,youngtr01
395,Christian Koloko,25,3TM,C,22,4,311,9.2,.459,.082,.164,9.7,15.0,12.3,5.7,2.0,6.2,15.5,10.4,-0.1,0.4,0.4,.055,-5.3,1.5,-3.8,-0.1,,kolokch01
395,Christian Koloko,25,LAL,C,2,0,6,-0.4,,,,0.0,18.9,9.8,0.0,0.0,0.0,,0.0,0.0,0.0,0.0,.022,-6.8,-1.7,-8.4,0.0,,kolokch01
395,Christian Koloko,25,MEM,C,11,2,195,9.0,.394,.029,.114,10.5,13.8,12.2,6.4,2.4,6.2,16.0,9.3,-0.1,0.3,0.2,.043,-4.7,1.8,-2.9,0.0,,kolokch01
395,Christian Koloko,25,ATL,C,9,2,110,9.9,.541,.154,.231,8.7,16.8,12.7,4.6,1.3,6.5,14.9,12.7,0.0,0.2,0.2,.078,-6.3,1.1,-5.2,-0.1,,kolokch01
396,Jahmai Mashack,23,MEM,SG,19,3,310,7.2,.471,.426,.064,3.5,7.7,5.6,8.2,3.4,2.4,16.4,15.5,-0.4,0.4,-0.1,-0.011,-6.1,0.2,-5.9,-0.3,,mashaja01
397,Myron Gardner,24,MIA,SF,33,6,307,17.0,.613,.521,.240,10.3,21.7,16.0,14.6,2.1,1.5,7.0,15.1,0.8,0.5,1.3,.204,0.3,2.1,2.5,0.3,,gardnmy01
398,Scoot Henderson,21,POR,PG,13,3,301,11.5,.521,.507,.343,3.5,9.9,6.6,29.0,0.8,1.2,17.8,26.4,0.0,0.1,0.1,.021,-2.5,-2.2,-4.7,-0.2,,hendesc01
399,Moritz Wagner,28,ORL,C,23,0,300,18.8,.589,.380,.431,7.3,21.6,14.4,10.4,2.1,0.3,7.4,24.9,0.6,0.4,1.0,.163,0.6,-0.2,0.5,0.2,,wagnemo01
400,Taelon Peter,23,IND,SG,27,0,294,8.5,.493,.883,.106,2.1,11.5,6.6,14.1,2.3,1.2,14.0,16.4,-0.2,0.2,0.0,-0.004,-3.4,-0.6,-4.0,-0.2,,peterta01
401,Blake Wesley,22,POR,SG,21,0,292,11.2,.515,.306,.337,2.5,8.3,5.4,26.0,2.6,0.9,18.2,19.1,0.0,0.3,0.2,.039,-3.2,0.1,-3.1,-0.1,,weslebl01
402,Jae'Sean Tate,30,HOU,SF,34,0,287,11.0,.567,.308,.090,8.6,9.5,9.1,8.0,1.6,1.0,11.0,13.3,0.3,0.3,0.6,.102,-2.9,-0.2,-3.1,-0.1,,tateja01
403,Zach Edey,23,MEM,C,11,11,284,20.7,.669,.051,.327,16.3,30.0,23.2,6.5,1.2,6.9,18.8,20.2,0.4,0.5,0.9,.148,-0.5,1.2,0.7,0.2,,edeyza01
404,Yang Hansen,20,POR,C,38,1,276,3.3,.402,.430,.312,7.3,15.5,11.3,10.7,0.5,2.9,22.1,19.9,-0.7,0.2,-0.5,-0.094,-8.8,-0.9,-9.7,-0.5,,yangha01
405,Malaki Branham,22,WAS,SG,28,0,275,14.2,.604,.407,.374,4.6,12.5,8.5,11.9,1.7,1.0,12.4,18.4,0.3,0.1,0.4,.069,-0.8,-1.5,-2.3,0.0,,branhma01
406,Brooks Barnhizer,23,OKC,SG,33,0,259,7.0,.446,.340,.120,4.8,18.5,11.9,8.6,1.1,1.5,13.2,10.1,-0.1,0.5,0.4,.072,-4.1,1.3,-2.8,-0.1,,barnhbr01
407,Duop Reath,29,POR,C,32,0,258,10.7,.613,.743,.081,4.1,11.9,7.9,5.4,0.9,2.8,8.4,13.1,0.3,0.2,0.5,.094,-0.8,-0.2,-1.0,0.1,,reathdu01
408,Kevon Looney,29,NOP,C,18,6,251,13.5,.468,.173,.154,17.9,23.6,20.7,12.8,1.1,3.4,12.6,10.5,0.3,0.2,0.5,.103,-1.4,-0.8,-2.3,0.0,,looneke01
409,KJ Simpson,23,2TM,PG,17,2,246,8.7,.428,.406,.188,3.8,11.7,7.8,24.2,3.2,0.0,18.8,22.0,-0.4,0.3,-0.1,-0.023,-5.0,0.4,-4.6,-0.2,,simpskj01
409,KJ Simpson,23,CHO,PG,14,2,223,7.9,.437,.438,.180,2.6,11.9,7.3,22.2,3.3,0.0,20.0,22.7,-0.5,0.3,-0.2,-0.039,-5.6,0.1,-5.4,-0.2,,simpskj01
409,KJ Simpson,23,DEN,PG,3,0,23,16.7,.317,.000,.286,15.4,9.4,12.3,43.9,2.1,0.0,0.0,14.9,0.1,0.0,0.1,.137,0.6,2.7,3.4,0.0,,simpskj01
410,Marcus Sasser,25,DET,PG,22,2,236,14.3,.572,.616,.151,1.4,8.3,4.9,23.6,3.5,0.8,15.6,19.0,0.2,0.4,0.6,.128,-0.7,1.7,1.0,0.2,,sassema01
411,Pat Connaughton,33,CHO,SG,30,0,234,13.9,.602,.620,.225,5.9,16.5,11.3,10.3,1.5,0.4,10.3,15.7,0.4,0.2,0.6,.119,0.6,-0.1,0.5,0.1,,connapa01
412,Chris Paul,40,LAC,PG,16,0,228,8.2,.413,.536,.036,3.2,10.9,7.1,31.2,2.4,0.0,22.0,14.2,-0.1,0.2,0.1,.016,-3.9,-0.3,-4.2,-0.1,,paulch01
413,Lindy Waters III,28,SAS,SG,34,0,222,7.6,.534,.879,.015,1.5,8.9,5.3,8.1,1.1,0.4,7.0,13.6,0.1,0.2,0.3,.065,-2.4,-0.1,-2.5,0.0,,waterli01
414,Bronny James,21,LAL,SG,31,1,222,9.6,.506,.460,.079,2.2,5.6,4.0,22.0,2.4,0.8,17.7,15.6,0.0,0.2,0.2,.033,-2.5,-0.9,-3.5,-0.1,,jamesbr02
415,Ty Jerome,28,MEM,SG,10,10,216,28.2,.636,.473,.374,3.5,10.5,7.0,43.4,3.1,0.9,9.5,32.4,0.9,0.2,1.2,.261,8.2,0.6,8.8,0.6,,jeromty01
416,PJ Hall,23,2TM,C,19,2,214,15.9,.599,.085,.492,17.6,21.6,19.6,6.6,0.7,4.3,18.2,17.3,0.3,0.3,0.5,.122,-1.5,-0.9,-2.4,0.0,,hallpj01
416,PJ Hall,23,MEM,C,7,0,27,18.9,.630,.333,.333,12.0,24.0,18.0,10.9,0.0,6.9,8.8,17.4,0.1,0.0,0.1,.165,1.8,0.1,1.9,0.0,,hallpj01
416,PJ Hall,23,CHO,C,12,2,187,15.4,.594,.040,.520,18.4,21.3,19.9,6.0,0.8,3.9,19.6,17.3,0.2,0.2,0.5,.116,-2.0,-1.0,-3.0,0.0,,hallpj01
417,Scotty Pippen Jr.,25,MEM,PG,10,6,212,14.8,.537,.333,.240,4.1,7.1,5.6,33.4,4.2,1.7,20.3,26.1,-0.1,0.3,0.2,.041,-2.5,-0.2,-2.7,0.0,,pippesc02
418,Elijah Harkless,25,UTA,SG,15,2,211,7.7,.456,.540,.420,2.0,8.4,5.2,16.8,2.9,0.5,11.9,13.2,0.0,0.1,0.1,.015,-5.9,0.6,-5.3,-0.2,,harklej01
419,Leonard Miller,22,2TM,SF,28,1,209,14.1,.653,.424,.258,4.8,20.9,13.0,8.3,1.4,2.1,17.0,17.8,0.1,0.2,0.4,.088,-2.4,0.4,-1.9,0.0,,millele01
419,Leonard Miller,22,MIN,SF,19,0,95,12.2,.581,.364,.333,8.3,20.5,14.5,7.6,2.0,0.0,19.2,20.8,0.0,0.1,0.1,.051,-5.2,-0.6,-5.8,-0.1,,millele01
419,Leonard Miller,22,CHI,SF,9,1,114,15.6,.730,.485,.182,1.9,21.2,11.7,8.8,0.8,3.8,14.4,15.4,0.2,0.1,0.3,.118,0.0,1.3,1.3,0.1,,millele01
420,Andre Jackson Jr.,24,MIL,SG,33,0,205,4.7,.339,.576,.169,7.7,11.3,9.6,16.8,1.9,1.0,17.0,16.5,-0.4,0.1,-0.3,-0.063,-6.8,-1.6,-8.3,-0.3,,jacksan01
421,Joan Beringer,19,MIN,PF,30,1,205,18.3,.674,.000,.283,15.8,14.8,15.3,4.9,0.9,5.6,10.6,15.5,0.5,0.3,0.8,.188,-1.1,0.0,-1.1,0.0,,berinjo01
422,Garrison Mathews,29,IND,SG,15,1,196,11.4,.628,.885,.442,1.1,8.6,4.7,7.0,1.5,1.3,4.6,14.0,0.3,0.1,0.4,.101,-1.2,-0.1,-1.3,0.0,,mathega01
423,Jordan McLaughlin,29,SAS,PG,32,0,195,10.2,.506,.525,.082,2.3,9.6,6.1,16.0,3.2,0.4,16.0,16.3,-0.1,0.3,0.2,.058,-3.2,1.6,-1.6,0.0,,mclaujo01
424,Nigel Hayes-Davis,31,PHO,SF,27,0,195,4.2,.356,.348,.087,6.6,12.2,9.3,4.7,2.0,1.0,14.3,12.1,-0.3,0.2,-0.1,-0.024,-6.4,-0.9,-7.3,-0.3,,hayesni01
425,DaRon Holmes,23,DEN,PF,19,6,194,13.1,.682,.732,.196,3.7,12.9,8.5,11.2,0.0,1.9,11.6,15.5,0.4,0.1,0.4,.109,0.9,-1.6,-0.7,0.1,,holmeda01
426,Ron Harper Jr.,25,BOS,SF,18,2,193,9.2,.452,.817,.033,8.0,9.5,8.8,8.0,0.8,4.2,6.2,14.6,0.1,0.2,0.3,.067,-2.0,0.4,-1.6,0.0,,harpero02
427,Khaman Maluach,19,PHO,C,29,0,189,10.7,.551,.217,.283,13.0,21.0,16.9,2.9,0.5,8.6,26.9,15.9,-0.2,0.3,0.1,.026,-6.0,0.1,-5.8,-0.2,,maluakh01
428,JD Davison,23,HOU,PG,25,0,184,9.7,.474,.519,.167,1.2,12.4,6.9,20.0,1.4,2.0,10.8,14.8,0.1,0.2,0.3,.076,-2.9,0.8,-2.2,0.0,,davisjd01
429,Zach Collins,28,CHI,C,10,0,184,18.1,.666,.328,.313,9.4,22.8,16.2,12.2,0.5,1.9,12.1,19.0,0.4,0.1,0.5,.140,1.0,-0.8,0.2,0.1,,colliza01
430,Chaz Lanier,24,DET,SG,22,0,180,9.5,.498,.783,.083,4.3,7.3,5.8,9.4,1.3,0.0,3.1,14.7,0.2,0.2,0.4,.094,-1.7,-1.0,-2.7,0.0,,laniech01
431,RayJ Dennis,24,3TM,PG,15,0,177,6.7,.416,.534,.123,4.7,9.5,7.1,23.4,1.1,1.9,16.3,22.0,-0.4,0.1,-0.3,-0.077,-4.0,-1.1,-5.1,-0.1,,dennira01
431,RayJ Dennis,24,IND,PG,13,0,168,6.5,.421,.528,.125,5.0,8.7,6.8,22.0,0.8,2.1,15.6,22.6,-0.4,0.1,-0.3,-0.082,-3.9,-1.4,-5.4,-0.1,,dennira01
431,RayJ Dennis,24,LAC,PG,1,0,4,-6.0,,,,0.0,56.3,29.1,0.0,0.0,0.0,100.0,11.1,0.0,0.0,0.0,-0.275,-15.3,-0.3,-15.6,0.0,,dennira01
431,RayJ Dennis,24,ATL,PG,1,0,5,22.0,.000,1.000,.000,0.0,0.0,0.0,89.0,9.4,0.0,0.0,8.3,0.0,0.0,0.0,.248,1.7,9.3,11.0,0.0,,dennira01
432,Chris Youngblood,23,OKC,SG,32,0,174,10.1,.505,.850,.167,4.5,12.5,8.7,8.2,1.1,1.7,3.0,16.5,0.1,0.3,0.4,.109,-2.5,-0.4,-2.9,0.0,,youngch01
433,Drew Timme,25,LAL,PF,19,0,173,13.8,.656,.354,.146,5.6,11.2,8.5,13.1,1.4,0.0,12.1,14.6,0.3,0.1,0.4,.111,0.1,-1.2,-1.1,0.0,,timmedr01
434,Taurean Prince,31,MIL,SF,8,0,169,7.8,.623,.737,.079,0.0,8.5,4.3,6.3,1.7,1.2,11.3,11.6,0.1,0.1,0.2,.048,-3.4,-0.4,-3.8,-0.1,,princta02
435,Keshad Johnson,24,MIA,SF,23,0,164,11.1,.518,.397,.270,10.0,16.8,13.4,1.6,1.4,2.7,12.4,19.9,-0.1,0.2,0.2,.049,-4.1,-1.0,-5.1,-0.1,,johnske10
436,Hunter Tyson,25,DEN,PF,21,2,162,6.5,.398,.635,.250,2.9,21.4,12.6,13.2,0.6,0.6,8.0,16.9,-0.2,0.1,-0.1,-0.015,-5.2,-1.7,-6.9,-0.2,,tysonhu01
437,Jamal Cain,26,ORL,SF,23,0,154,8.7,.545,.469,.367,5.0,6.5,5.8,7.2,1.6,0.6,11.0,17.6,0.1,0.1,0.2,.059,-4.5,-1.3,-5.8,-0.1,,cainja01
438,Matisse Thybulle,28,POR,SG,13,0,154,19.0,.661,.634,.244,4.8,10.0,7.4,9.9,7.4,4.1,15.0,14.0,0.3,0.4,0.6,.192,0.5,7.8,8.4,0.4,,thybuma01
439,Dejounte Murray,29,NOP,PG,6,6,154,18.7,.598,.382,.412,1.4,21.3,11.2,31.4,3.4,1.2,20.7,27.4,0.1,0.2,0.3,.084,-0.1,1.2,1.1,0.1,,murrade01
440,Walker Kessler,24,UTA,C,5,5,154,20.8,.786,.216,.541,16.0,22.3,19.1,14.0,2.1,5.8,25.9,16.6,0.3,0.1,0.5,.152,1.6,1.7,3.3,0.2,,kesslwa01
441,DeAndre Jordan,37,NOP,C,9,6,150,15.1,.739,.000,.650,13.5,30.0,21.6,5.2,1.0,5.1,25.9,9.6,0.2,0.2,0.4,.119,-1.0,0.2,-0.8,0.0,,jordade01
442,Jonathan Mogbo,24,TOR,PF,25,0,149,9.3,.497,.000,.179,8.9,19.9,14.3,10.3,1.3,3.3,20.9,11.0,0.0,0.2,0.2,.059,-4.4,0.3,-4.1,-0.1,,mogbojo01
443,Lachlan Olbrich,22,CHI,C,22,0,146,8.8,.432,.286,.357,11.9,21.6,16.8,13.8,1.3,0.6,13.4,10.8,0.1,0.1,0.2,.063,-4.5,0.1,-4.3,-0.1,,olbrila01
444,Blake Hinson,26,UTA,SF,7,1,139,12.2,.646,.702,.085,5.4,8.0,6.7,5.1,0.0,0.7,2.0,14.8,0.3,-0.1,0.2,.073,0.5,-4.0,-3.4,-0.1,,hinsobl01
445,Miles Kelly,23,DAL,PG,14,0,134,8.3,.484,.750,.023,4.0,14.6,9.5,12.1,1.4,0.6,11.9,15.8,-0.1,0.1,0.1,.019,-4.5,-0.5,-5.0,-0.1,,kellymi02
446,Obi Toppin,27,IND,PF,8,2,133,11.3,.468,.491,.245,4.7,24.5,14.3,14.3,2.1,0.0,10.7,20.9,-0.1,0.1,0.0,.008,-3.2,-0.2,-3.4,-0.1,,toppiob01
447,Leaky Black,26,WAS,SF,4,2,132,8.4,.531,.529,.118,5.5,13.0,9.2,4.0,0.4,2.7,7.7,12.3,0.1,0.0,0.1,.020,-3.3,-2.6,-5.9,-0.1,,blackle01
448,Xavier Tillman Sr.,27,2TM,C,21,1,129,10.2,.471,.486,.000,11.2,13.4,12.3,5.2,2.4,2.3,14.6,13.7,0.0,0.2,0.2,.059,-3.1,0.1,-3.0,0.0,,tillmxa01
448,Xavier Tillman Sr.,27,BOS,C,14,1,111,11.3,.500,.484,.000,10.0,14.6,12.3,6.0,2.7,1.8,13.9,14.1,0.0,0.2,0.2,.080,-2.1,0.9,-1.2,0.0,,tillmxa01
448,Xavier Tillman Sr.,27,CHO,C,7,0,18,3.1,.250,.500,.000,19.1,6.1,12.5,0.0,0.0,5.1,20.0,11.7,0.0,0.0,0.0,-0.069,-9.0,-4.9,-14.0,-0.1,,tillmxa01
449,Kevin McCullar Jr.,24,NYK,SF,18,0,126,8.0,.470,.500,.147,7.8,13.3,10.5,19.3,2.3,0.0,23.3,15.9,-0.1,0.2,0.1,.032,-4.5,0.5,-4.0,-0.1,,mcculke01
450,Mason Plumlee,35,CHO,C,14,2,125,13.5,.752,.000,1.000,9.2,26.5,18.0,16.5,2.4,0.0,34.2,8.9,0.2,0.2,0.4,.136,-1.5,2.5,1.0,0.1,,plumlma01
451,Julian Reese,22,WAS,PF,4,3,124,13.0,.629,.000,.800,14.3,20.8,17.5,8.4,1.9,1.4,25.0,12.1,0.1,0.1,0.2,.079,-2.8,-1.5,-4.3,-0.1,,reeseju01
452,Cameron Payne,31,PHI,PG,9,0,122,7.7,.348,.696,.000,0.0,8.3,4.1,22.1,4.4,0.8,6.1,17.0,-0.2,0.2,0.0,-0.007,-6.2,1.7,-4.6,-0.1,,payneca01
453,Bradley Beal,32,LAC,SG,6,6,121,5.2,.476,.396,.167,2.0,2.8,2.4,12.2,1.2,0.0,14.9,22.2,-0.2,0.0,-0.2,-0.070,-6.6,-3.9,-10.5,-0.3,,bealbr01
454,Doug McDermott,34,SAC,SF,13,0,120,8.9,.593,.953,.047,0.9,8.6,4.6,4.7,1.2,0.8,12.0,17.6,0.0,0.0,0.0,-0.001,-1.5,-2.4,-3.9,-0.1,,mcderdo01
455,Amari Williams,24,BOS,PF,17,2,118,9.0,.517,.000,.750,6.6,21.0,13.9,7.2,0.9,7.7,24.8,10.4,0.0,0.2,0.2,.071,-5.1,2.6,-2.5,0.0,,william01
456,Dereck Lively II,21,DAL,C,7,4,115,15.1,.670,.000,.556,13.2,20.6,17.0,14.8,1.6,8.0,30.9,11.8,0.1,0.2,0.3,.135,-3.0,3.7,0.7,0.1,,livelde01
457,Jeff Green,39,HOU,PF,22,0,114,14.6,.615,.667,.067,3.0,11.5,7.3,5.1,0.4,0.8,2.1,17.5,0.3,0.1,0.4,.152,1.9,-2.0,-0.1,0.1,,greenje02
458,A.J. Lawson,25,TOR,SG,14,0,110,12.1,.545,.537,.220,7.0,16.6,11.7,3.7,1.8,2.7,8.2,19.0,0.1,0.2,0.2,.094,-2.3,-0.4,-2.7,0.0,,lawsoaj01
459,Bismack Biyombo,33,SAS,C,19,1,108,4.7,.714,.000,.556,4.1,11.6,7.9,5.5,1.8,0.8,34.9,6.7,0.0,0.1,0.2,.070,-6.4,1.6,-4.7,-0.1,,biyombi01
460,Luke Travers,24,CLE,SG,12,0,103,10.3,.350,.444,.250,9.5,16.0,12.7,10.8,3.3,3.6,7.0,17.5,-0.1,0.2,0.1,.027,-4.2,1.0,-3.2,0.0,,travelu01
461,Adou Thiero,21,LAL,SF,18,0,102,10.5,.551,.048,.476,8.3,13.4,10.9,7.6,2.4,1.8,13.6,12.6,0.1,0.1,0.2,.087,-4.2,0.1,-4.2,-0.1,,thierad01
462,Alondes Williams,26,WAS,SG,4,0,101,19.2,.745,.538,.308,5.2,21.3,13.1,16.9,1.4,2.6,14.5,14.3,0.3,0.1,0.3,.160,1.4,-0.6,0.8,0.1,,willial06
463,Alijah Martin,24,TOR,SG,14,0,98,10.8,.444,.394,.364,6.8,9.3,8.0,10.7,3.0,3.0,7.3,18.0,0.0,0.1,0.1,.061,-3.7,1.2,-2.5,0.0,,martial01
464,Oscar Tshiebwe,26,UTA,C,9,1,98,15.5,.670,.000,.087,15.3,24.9,20.0,10.2,0.5,1.0,7.7,10.9,0.2,0.0,0.3,.134,-0.5,-2.0,-2.5,0.0,,tshieos01
465,Javonte Cooke,26,POR,SG,19,0,94,0.0,.275,.561,.049,4.5,17.6,10.9,9.9,3.0,0.0,17.7,21.9,-0.5,0.1,-0.4,-0.185,-10.4,-1.3,-11.7,-0.2,,cookeja01
466,Chris Boucher,33,BOS,PF,9,0,94,7.8,.392,.600,.160,2.4,18.3,10.4,4.0,2.7,7.5,3.6,12.8,-0.1,0.2,0.1,.063,-5.8,2.7,-3.1,0.0,,bouchch01
467,Killian Hayes,24,SAC,PG,7,0,92,3.5,.244,.529,.059,1.2,12.5,6.7,31.6,1.0,0.0,2.8,16.5,-0.2,0.0,-0.2,-0.096,-8.5,-2.8,-11.3,-0.2,,hayeski01
468,Johnny Juzang,24,MIN,SG,21,0,88,12.2,.518,.632,.211,6.4,14.7,10.6,9.7,1.1,1.0,10.7,22.3,0.0,0.1,0.1,.041,-1.6,-1.7,-3.3,0.0,,juzanjo01
469,Kobe Bufkin,22,LAL,SG,10,1,88,4.8,.392,.528,.222,1.4,10.3,6.0,7.5,1.1,3.2,9.2,21.6,-0.2,0.1,-0.2,-0.086,-7.2,-3.4,-10.6,-0.2,,bufkiko01
470,Yuki Kawamura,24,CHI,PG,7,0,88,14.6,.484,.778,.333,4.9,16.7,10.9,36.3,3.2,0.0,19.5,12.3,0.1,0.1,0.2,.130,-1.9,0.9,-1.0,0.0,,kawamyu01
471,Tolu Smith,25,DET,PF,7,0,88,16.3,.571,.000,.857,16.4,24.9,20.7,8.8,1.1,5.7,14.7,15.9,0.1,0.2,0.3,.172,-1.4,1.7,0.2,0.0,,smithto05
472,Thanasis Antetokounmpo,33,MIL,SF,25,0,81,18.7,.576,.105,1.053,12.6,12.3,12.5,6.8,5.5,4.9,12.6,17.4,0.1,0.2,0.3,.154,-1.3,2.7,1.4,0.1,,antetth01
473,Joe Ingles,38,MIN,SF,20,0,80,8.1,.563,.750,.250,0.0,9.5,4.8,23.6,4.2,0.0,44.1,8.4,0.0,0.1,0.1,.061,-4.0,3.4,-0.6,0.0,,inglejo01
474,Pacôme Dadiet,20,NYK,SG,21,0,77,14.3,.581,.611,.333,4.3,18.8,11.5,14.7,1.9,0.0,4.6,12.0,0.2,0.1,0.3,.177,0.7,2.2,2.9,0.1,,dadiepa01
475,Eric Gordon,37,PHI,SG,6,0,74,14.5,.754,.667,.095,1.5,1.5,1.5,5.9,2.6,1.3,12.1,14.2,0.1,0.1,0.2,.115,2.2,0.2,2.3,0.1,,gordoer01
476,Malevy Leons,26,GSW,SF,10,0,72,16.7,.581,.333,.333,15.1,17.0,16.0,9.6,3.4,3.8,12.7,13.9,0.1,0.1,0.2,.165,-0.8,1.9,1.1,0.1,,leonsma01
477,Kyle Lowry,39,PHI,PG,8,0,72,7.1,.478,1.000,.500,0.0,9.4,4.6,15.5,1.3,1.3,12.0,9.8,0.0,0.0,0.1,.047,-4.5,-1.0,-5.6,-0.1,,lowryky01
478,Bobi Klintman,22,DET,SF,11,0,69,3.5,.366,.500,.115,8.1,20.6,14.4,11.3,2.1,0.0,18.0,19.9,-0.2,0.1,-0.1,-0.061,-8.3,-1.2,-9.5,-0.1,,klintbo01
479,David Jones García,24,SAS,SF,11,0,68,21.1,.579,.200,.240,6.5,13.8,10.3,37.8,4.2,1.3,15.3,20.3,0.1,0.1,0.3,.205,2.7,3.7,6.4,0.1,,jonesda06
480,Kadary Richmond,24,WAS,SG,3,0,67,20.2,.722,.250,.188,1.6,14.5,7.9,16.8,5.7,1.3,10.4,12.0,0.2,0.1,0.3,.180,-0.8,4.2,3.3,0.1,,richmka01
481,Antonio Reeves,25,CHO,SG,9,0,66,12.4,.675,.650,.000,3.5,10.1,6.8,4.4,0.7,0.0,4.8,13.4,0.1,0.0,0.2,.118,1.0,-0.2,0.9,0.0,,reevean01
482,Monte Morris,30,IND,PG,6,0,65,7.0,.414,.400,.200,1.6,10.4,5.8,19.0,0.7,1.3,8.4,15.4,-0.1,0.0,0.0,-0.025,-4.5,-1.5,-6.0,-0.1,,morrimo01
483,Drew Peterson,26,CHO,PF,6,0,64,0.6,.148,.750,.125,5.4,10.4,7.9,3.8,2.3,1.4,0.0,11.1,-0.2,0.1,-0.1,-0.083,-8.3,-1.7,-9.9,-0.1,,peterdr01
484,Nate Williams,26,GSW,SG,4,0,63,11.8,.584,.348,.348,8.6,1.8,5.2,11.4,0.8,0.0,10.2,19.8,0.1,0.0,0.1,.094,-1.5,-1.8,-3.3,0.0,,willije02
485,Trey Jemison,26,NYK,C,11,0,61,6.4,.605,.000,.143,14.4,14.6,14.5,6.0,0.8,3.3,44.6,9.4,0.0,0.1,0.0,.031,-7.1,-0.3,-7.4,-0.1,,jemistr01
486,James Wiseman,24,IND,C,4,1,58,4.1,.597,.000,.200,9.0,5.8,7.5,7.1,0.0,1.5,31.5,11.6,0.0,0.0,0.0,-0.026,-8.0,-1.0,-9.0,-0.1,,wisemja01
487,Patrick Baldwin Jr.,23,3TM,SF,7,0,58,10.5,.510,.563,.375,11.1,13.8,12.5,4.4,1.7,4.7,13.9,16.0,0.0,0.0,0.0,.012,-4.3,-1.4,-5.7,-0.1,,baldwpa01
487,Patrick Baldwin Jr.,23,LAC,SF,2,0,12,23.8,1.025,.750,.500,0.0,9.4,4.8,0.0,0.0,0.0,17.0,21.8,0.1,0.0,0.1,.214,5.2,-0.4,4.8,0.0,,baldwpa01
487,Patrick Baldwin Jr.,23,PHI,SF,1,0,2,6.3,,,,0.0,56.3,27.5,0.0,0.0,0.0,,0.0,0.0,0.0,0.0,.083,-5.1,-3.0,-8.1,0.0,,baldwpa01
487,Patrick Baldwin Jr.,23,SAC,SF,4,0,44,7.1,.327,.500,.333,14.7,13.1,13.9,5.8,2.2,6.2,12.7,15.2,-0.1,0.0,0.0,-0.046,-6.9,-1.6,-8.5,-0.1,,baldwpa01
488,Johni Broome,23,PHI,C,11,0,55,0.4,.188,.208,.250,13.7,18.4,16.0,9.4,2.6,3.4,10.1,22.8,-0.3,0.1,-0.2,-0.213,-11.8,-4.5,-16.3,-0.2,,broomjo01
489,Cody Martin,30,IND,SF,4,0,55,3.0,.277,.500,.600,1.9,26.6,13.8,4.6,3.5,3.1,24.0,12.8,-0.2,0.1,-0.1,-0.101,-10.0,2.1,-7.9,-0.1,,martico01
490,Caleb Houstan,23,ATL,SF,12,0,54,10.2,.705,.800,.200,7.9,4.0,6.0,4.8,0.9,1.7,19.7,15.7,0.1,0.0,0.1,.071,-2.1,-2.4,-4.5,0.0,,houstca01
491,Wendell Moore Jr.,24,DET,SG,5,0,54,10.0,.635,.143,.286,2.1,10.1,6.1,6.8,1.8,3.7,11.3,6.8,0.1,0.1,0.1,.116,-2.5,1.8,-0.7,0.0,,moorewe01
492,Jayson Tatum,27,BOS,PF,2,2,54,17.9,.499,.531,.219,4.1,25.9,15.2,25.4,0.9,0.0,7.9,30.6,0.1,0.1,0.1,.119,1.3,1.1,2.3,0.1,,tatumja01
493,Nikola Topić,20,OKC,PG,5,0,53,2.0,.500,.313,.000,4.3,11.8,8.2,25.2,0.0,0.0,40.7,22.0,-0.2,0.1,-0.1,-0.134,-8.2,-3.1,-11.3,-0.1,,topicni01
494,Isaiah Crawford,24,HOU,SF,9,0,52,9.8,.625,.750,.000,2.2,10.5,6.4,7.2,1.9,5.3,20.0,8.1,0.0,0.1,0.1,.086,-1.7,1.7,0.0,0.0,,crawfis01
495,TyTy Washington Jr.,24,LAC,PG,8,0,52,18.1,.679,.500,.000,2.3,2.2,2.2,31.5,3.8,3.6,17.6,14.5,0.1,0.1,0.2,.171,2.9,2.9,5.8,0.1,,washity02
496,E.J. Liddell,25,BRK,PF,10,0,49,13.8,.600,.647,.176,6.8,20.0,13.0,0.0,1.0,0.0,0.0,16.3,0.1,0.0,0.1,.098,0.8,-2.9,-2.1,0.0,,liddeej01
497,Lawson Lovering,22,MEM,C,2,1,49,13.7,.574,.000,.500,13.2,19.8,16.5,8.2,2.9,1.9,14.1,12.0,0.1,0.1,0.1,.119,-3.6,-0.1,-3.7,0.0,,loverla01
498,Keshon Gilbert,22,WAS,PG,3,0,48,4.5,.521,.500,1.000,4.4,6.7,5.5,7.4,2.0,7.4,51.0,10.2,-0.1,0.0,-0.1,-0.087,-6.3,-0.5,-6.7,-0.1,,gilbeke01
499,Jahmir Young,25,MIA,PG,10,0,47,6.0,.416,.350,.050,4.3,4.4,4.3,16.8,1.0,0.0,8.9,19.3,-0.1,0.0,0.0,-0.019,-6.8,-1.8,-8.6,-0.1,,youngja05
500,Mac McClung,27,2TM,SG,4,0,47,8.5,.430,.480,.160,0.0,11.8,5.7,6.4,5.1,3.7,10.1,26.7,-0.2,0.1,-0.1,-0.085,-8.3,2.9,-5.4,0.0,,mccluma01
500,Mac McClung,27,IND,SG,3,0,34,13.0,.481,.556,.222,0.0,13.2,6.4,4.7,7.0,2.5,9.2,27.0,-0.1,0.1,0.0,-0.010,-5.6,6.1,0.5,0.0,,mccluma01
500,Mac McClung,27,CHI,SG,1,0,13,-3.2,.286,.286,.000,0.0,8.1,4.1,10.7,0.0,6.7,12.5,25.9,-0.1,0.0,-0.1,-0.282,-15.2,-5.3,-20.6,-0.1,,mccluma01
501,LJ Cryer,24,GSW,PG,5,0,45,10.4,.667,.889,.000,0.0,14.8,7.3,3.3,0.0,0.0,5.3,17.9,0.0,0.0,0.1,.080,-1.4,-0.9,-2.3,0.0,,cryerlj01
502,Mo Bamba,27,2TM,C,4,0,44,13.1,.455,.000,.000,24.4,30.3,27.3,3.1,0.0,6.7,15.4,12.3,0.0,0.0,0.1,.058,-4.6,-3.9,-8.5,-0.1,,bambamo01
502,Mo Bamba,27,TOR,C,2,0,6,-2.8,.000,.000,.000,18.4,19.0,18.7,0.0,0.0,16.2,0.0,14.3,0.0,0.0,0.0,-0.160,-18.9,-2.7,-21.6,0.0,,bambamo01
502,Mo Bamba,27,UTA,C,2,0,38,15.6,.556,.000,.000,25.3,32.1,28.7,3.6,0.0,5.2,18.2,12.0,0.1,0.0,0.1,.093,-2.3,-4.1,-6.4,0.0,,bambamo01
503,Isaiah Stevens,25,SAC,PG,3,0,43,16.5,.571,.143,.571,5.0,2.7,3.9,29.5,5.6,0.0,18.6,10.6,0.1,0.0,0.1,.131,-1.3,3.2,1.9,0.0,,steveis01
504,Garrett Temple,39,TOR,SG,15,0,42,4.1,.329,.750,.750,2.6,10.8,6.7,11.2,3.5,2.3,22.0,13.9,-0.1,0.1,0.0,-0.045,-7.7,1.4,-6.3,0.0,,templga01
505,Trey Alexander,22,NOP,SG,5,0,42,13.6,.778,.333,.000,0.0,10.4,5.1,16.4,1.1,2.3,10.0,9.9,0.1,0.0,0.1,.130,0.4,0.1,0.6,0.0,,alexatr01
506,Dario Šarić,31,SAC,C,5,0,41,0.7,.363,.500,.333,2.6,14.0,8.1,5.9,0.0,0.0,22.5,9.2,-0.1,0.0,-0.1,-0.082,-6.7,-2.3,-9.1,-0.1,,saricda01
507,Skal Labissière,29,WAS,PF,3,0,38,16.4,.650,.500,.000,8.3,17.0,12.6,11.2,2.5,2.3,9.1,12.1,0.1,0.0,0.1,.124,-0.1,0.3,0.1,0.0,,labissk01
508,MarJon Beauchamp,25,PHI,SF,2,0,36,18.3,.571,.500,.286,3.0,18.8,10.7,20.3,4.0,2.6,16.0,22.0,0.0,0.1,0.1,.106,2.6,0.4,3.1,0.0,,beaucma01
509,Charles Bassey,25,2TM,C,3,0,36,13.9,.436,.000,.333,21.0,24.0,22.5,7.2,1.3,5.2,8.8,13.1,0.0,0.0,0.1,.097,-2.2,-0.6,-2.8,0.0,,bassech01
509,Charles Bassey,25,MEM,C,2,0,31,12.7,.376,.000,.375,24.4,27.9,26.1,8.4,1.5,3.0,9.7,13.8,0.0,0.0,0.1,.081,-3.0,-1.4,-4.4,0.0,,bassech01
509,Charles Bassey,25,PHI,C,1,0,5,21.4,1.000,.000,.000,0.0,0.0,0.0,0.0,0.0,18.7,0.0,8.5,0.0,0.0,0.0,.191,2.8,4.1,6.9,0.0,,bassech01
510,Grant Nelson,23,BRK,PF,4,0,35,17.7,.634,.000,1.111,3.2,17.5,9.9,22.3,1.4,13.1,23.0,21.6,0.0,0.1,0.1,.100,-2.5,4.5,2.1,0.0,,nelsogr02
511,Tyson Etienne,26,BRK,PG,8,0,34,-1.2,.400,.867,.000,0.0,0.0,0.0,4.4,0.0,0.0,6.3,20.5,-0.1,0.0,-0.1,-0.139,-8.8,-5.8,-14.6,-0.1,,etienty01
512,Emanuel Miller,25,CHI,PF,5,0,33,15.2,.540,.462,.154,3.3,6.4,4.9,17.6,2.9,0.0,0.0,17.7,0.1,0.0,0.1,.114,1.7,0.9,2.6,0.0,,milleem01
513,Jahmyl Telfort,24,LAC,PF,8,0,32,-5.4,.087,1.000,1.000,0.0,10.6,5.5,3.8,1.6,0.0,14.8,9.4,-0.1,0.0,-0.1,-0.164,-12.1,-1.8,-13.8,-0.1,,telfoja01
514,Seth Curry,35,GSW,SG,2,0,32,18.8,.778,.444,.000,3.4,10.4,6.9,14.1,3.0,0.0,0.0,11.9,0.1,0.0,0.1,.222,1.5,3.8,5.3,0.1,,curryse01
515,Curtis Jones,24,DEN,SG,6,0,31,1.4,.321,.643,.000,3.8,14.0,9.1,12.9,0.0,0.0,6.7,21.1,-0.1,0.0,-0.1,-0.139,-9.8,-5.8,-15.5,-0.1,,jonescu01
516,Hunter Sallis,22,PHI,SG,7,0,26,2.1,.595,.000,.400,0.0,4.3,2.1,20.9,0.0,3.6,46.0,17.7,-0.1,0.0,-0.1,-0.150,-7.7,-3.0,-10.7,-0.1,,sallihu01
517,Mark Sears,23,MIL,PG,7,0,26,15.3,.666,.615,.615,4.4,4.3,4.3,12.4,0.0,0.0,19.5,34.9,0.0,0.0,0.0,.020,2.3,-4.6,-2.2,0.0,,searsma01
518,Chris Mañon,24,LAL,SG,6,0,25,9.2,.347,1.000,1.000,4.8,22.7,14.0,4.6,5.8,7.5,25.8,6.8,0.0,0.1,0.0,.081,-6.4,5.8,-0.6,0.0,,manonch01
519,Orlando Robinson,25,ORL,C,4,1,25,14.7,.700,.400,.000,8.8,9.0,8.9,16.5,1.9,0.0,0.0,8.5,0.1,0.0,0.1,.200,0.7,0.6,1.3,0.0,,robinor01
520,Dalano Banton,26,2TM,PG,5,0,25,12.7,.506,.000,.222,4.8,0.0,2.3,25.1,2.0,4.0,16.8,20.8,0.0,0.0,0.0,.033,-4.4,-0.8,-5.2,0.0,,bantoda01
520,Dalano Banton,26,LAC,PG,2,0,10,28.0,.750,.000,.000,12.0,0.0,5.8,38.1,5.0,0.0,20.0,22.2,0.0,0.0,0.0,.228,7.3,5.1,12.4,0.0,,bantoda01
520,Dalano Banton,26,BOS,PG,3,0,15,2.5,.340,.000,.400,0.0,0.0,0.0,16.4,0.0,6.7,14.5,19.9,0.0,0.0,0.0,-0.097,-12.2,-4.7,-16.9,-0.1,,bantoda01
521,Dillon Jones,24,NYK,SF,5,0,24,16.9,.518,.600,.800,9.1,18.6,13.8,19.8,4.1,0.0,0.0,12.0,0.1,0.0,0.1,.254,-1.1,4.7,3.6,0.0,,jonesdi01
522,Koby Brea,23,PHO,SG,5,0,23,25.4,.810,.778,.222,0.0,9.9,4.8,20.8,0.0,0.0,0.0,18.2,0.1,0.0,0.2,.324,11.3,-0.5,10.8,0.1,,breako01
523,Tristan Enaruna,24,CLE,SF,4,0,23,12.7,.424,.222,.111,23.7,9.5,16.6,12.1,0.0,0.0,9.6,19.0,0.0,0.0,0.0,.033,-1.9,-4.1,-5.9,0.0,,enarutr01
524,Haywood Highsmith,29,PHO,SF,2,0,21,7.6,.307,.500,.500,10.2,10.8,10.5,11.9,2.4,0.0,0.0,9.9,0.0,0.0,0.0,.056,-5.6,0.9,-4.7,0.0,,highsha01
525,Brandon Clarke,29,MEM,PF,2,2,20,12.3,.372,.000,.444,21.6,10.8,16.2,7.0,4.7,0.0,0.0,22.3,0.0,0.0,0.0,.055,-4.6,-0.1,-4.8,0.0,,clarkbr01
526,Isaac Jones,25,2TM,PF,4,1,18,7.3,.512,.500,.500,12.0,0.0,6.2,7.0,0.0,0.0,0.0,11.4,0.0,0.0,0.0,.067,-6.1,-2.4,-8.5,0.0,,jonesis01
526,Isaac Jones,25,SAC,PF,3,1,17,5.7,.521,.500,1.000,12.7,0.0,6.5,7.4,0.0,0.0,0.0,7.2,0.0,0.0,0.0,.058,-6.3,-1.9,-8.3,0.0,,jonesis01
526,Isaac Jones,25,DET,PF,1,0,1,34.4,.500,.500,.000,0.0,0.0,0.0,0.0,0.0,0.0,0.0,82.6,0.0,0.0,0.0,.222,-2.7,-10.0,-12.7,0.0,,jonesis01
527,Harrison Ingram,23,SAS,SF,5,0,17,23.0,.900,.200,.000,19.4,0.0,9.5,9.0,0.0,0.0,0.0,12.4,0.1,0.0,0.1,.297,7.9,-0.7,7.2,0.0,,ingraha01
528,Jacob Toppin,25,ATL,SF,5,0,17,15.1,.667,.000,.000,0.0,6.4,3.2,8.9,0.0,5.3,0.0,14.7,0.0,0.0,0.0,.121,-0.2,0.4,0.1,0.0,,toppija01
529,Chris Livingston,22,CLE,SF,3,0,17,15.4,.605,.429,.143,0.0,19.4,9.7,8.9,2.8,0.0,0.0,18.3,0.0,0.0,0.1,.169,-4.7,2.0,-2.7,0.0,,livinch01
530,Buddy Boeheim,26,OKC,SF,4,0,15,4.7,.500,1.000,.000,0.0,0.0,0.0,0.0,0.0,0.0,0.0,17.3,0.0,0.0,0.0,.012,-3.8,-4.5,-8.3,0.0,,boehebu01
531,N'Faly Dante,24,ATL,C,4,0,15,12.4,.338,.000,.250,21.3,29.0,25.1,0.0,6.3,0.0,18.4,15.1,0.0,0.0,0.0,.045,-3.8,-1.0,-4.8,0.0,,nfalyda01
532,John Poulakidas,22,DAL,SG,1,0,14,-0.4,.000,.500,.000,7.7,29.5,18.9,16.6,0.0,0.0,33.3,9.0,0.0,0.0,0.0,-0.104,-10.0,-0.9,-10.9,0.0,,poulajo01
533,Chucky Hepburn,22,TOR,PG,2,0,13,-13.5,.000,.833,.000,0.0,8.8,4.3,17.6,3.7,0.0,14.3,23.0,-0.1,0.0,-0.1,-0.441,-20.7,-3.2,-24.0,-0.1,,hepbuch01
534,John Tonje,24,BOS,SG,3,0,11,4.3,.347,1.000,1.000,0.0,19.6,9.9,10.4,0.0,0.0,0.0,11.4,0.0,0.0,0.0,.038,-11.2,-2.2,-13.3,0.0,,tonjejo01
535,Vladislav Goldin,24,MIA,C,3,0,10,17.0,1.000,.000,.000,0.0,30.7,15.3,28.3,0.0,9.0,33.3,12.2,0.0,0.0,0.0,.197,-4.2,8.9,4.7,0.0,,goldivl01
536,Tosan Evbuomwan,24,NYK,SF,5,0,8,-0.3,.000,.000,.000,13.7,13.9,13.8,0.0,0.0,0.0,0.0,5.3,0.0,0.0,0.0,-0.024,-8.5,-3.1,-11.5,0.0,,evbuoto01
537,Riley Minix,25,SAS,SF,3,0,8,45.0,.750,.500,.000,13.8,13.1,13.4,32.0,6.0,0.0,0.0,31.6,0.1,0.0,0.1,.429,18.0,7.3,25.3,0.1,,minixri01
538,Enrique Freeman,25,MIN,PF,2,0,8,9.1,,,,0.0,40.5,20.6,0.0,0.0,11.0,,0.0,0.0,0.0,0.0,.108,-1.2,3.6,2.4,0.0,,freemen01
539,Norchad Omier,24,LAC,PF,2,0,8,17.1,.500,.500,.000,30.1,28.1,29.1,0.0,0.0,0.0,0.0,11.1,0.0,0.0,0.0,.163,1.9,-4.5,-2.6,0.0,,omierno01
540,Rocco Zikarsky,19,MIN,C,2,0,8,12.9,1.000,.000,.000,0.0,13.5,6.9,0.0,0.0,11.0,0.0,5.3,0.0,0.0,0.0,.159,-2.3,1.9,-0.4,0.0,,zikarro01
541,Stanley Umude,26,SAS,SG,2,0,7,11.6,.500,.500,.000,0.0,0.0,0.0,19.1,6.8,0.0,0.0,12.1,0.0,0.0,0.0,.163,-6.6,6.9,0.3,0.0,,umudest01
542,Colby Jones,23,DET,SG,1,0,7,13.1,.333,.667,.000,0.0,62.6,31.5,38.3,0.0,0.0,0.0,17.7,0.0,0.0,0.0,.122,-3.2,5.5,2.3,0.0,,jonesco02
543,Noa Essengue,19,CHI,PF,2,0,6,-12.1,.000,.667,.000,0.0,0.0,0.0,0.0,7.9,0.0,0.0,21.1,-0.1,0.0,-0.1,-0.422,-20.7,-3.1,-23.7,0.0,,essenno01
544,Trentyn Flowers,20,CHI,SF,2,0,6,16.8,.667,.333,.000,18.1,0.0,8.9,31.0,0.0,0.0,25.0,28.1,0.0,0.0,0.0,.025,1.9,-2.8,-0.9,0.0,,flowetr01
545,David Roddy,24,DEN,PF,1,0,6,-1.6,.000,1.000,.000,0.0,0.0,0.0,19.0,8.2,0.0,0.0,14.5,0.0,0.0,0.0,-0.183,-10.3,0.4,-9.9,0.0,,roddyda01
546,Hunter Dickinson,25,NOP,C,1,0,5,-11.0,.500,.000,.000,0.0,0.0,0.0,0.0,0.0,19.2,50.0,33.3,-0.1,0.0,-0.1,-0.521,-26.9,0.9,-26.0,0.0,,dickihu01
547,Trevor Keels,22,MIA,SG,3,0,4,-19.8,.000,1.000,.000,0.0,51.1,25.5,0.0,0.0,0.0,0.0,30.4,-0.1,0.0,-0.1,-0.624,-28.3,-10.2,-38.5,0.0,,keelstr01
548,Max Shulga,23,BOS,SG,2,0,4,-13.2,.000,.000,.000,0.0,0.0,0.0,0.0,0.0,0.0,0.0,10.8,0.0,0.0,0.0,-0.235,-22.8,-3.9,-26.7,0.0,,shulgma01
549,Darius Brown II,26,CLE,SG,1,0,3,-7.7,.000,.000,.000,0.0,36.6,18.2,0.0,0.0,0.0,0.0,13.9,0.0,0.0,0.0,-0.264,-16.2,-2.4,-18.6,0.0,,brownda04
,League Average,,,,,,,,.579,.415,.265,5.2,14.8,10.0,16.2,1.7,1.9,12.2,19.9,,,,,,,,,,-9999